name,p
Villarbasse,3525.0
Villareggia,994.0
Villar Focchiardo,1953.0
Villar Pellice,1059.0
Villar Perosa,3878.0
Villastellone,4434.0
Vinovo,15216.0
Virle Piemonte,1160.0
Guardea,1743.0
Lugnano in Teverina,1428.0
Cuceglio,919.0
Cumiana,7828.0
Pramollo,220.0
Prarostino,1246.0
Fiano,2651.0
Fiorano Canavese,744.0
Cuorgnè,9524.0
Gassino Torinese,9291.0
Germagnano,1123.0
Quassolo,330.0
Quincinetto,983.0
Posada,3019.0
Ferentillo,1811.0
Arena Po,1500.0
Mornago,4870.0
Foglizzo,2258.0
Pont Canavese,3014.0
Porte,1092.0
Vische,1188.0
Vistrorio,534.0
Feletto,2213.0
Fenestrelle,476.0
Pragelato,741.0
Rivalba,1138.0
Ficulle,1558.0
Giove,1852.0
Druento,8994.0
Exilles,241.0
Rivalta di Torino,20199.0
Rivara,2490.0
Viù,1037.0
Volpiano,15247.0
Prali,255.0
Pralormo,1896.0
San Carlo Canavese,4030.0
Narni,17626.0
Front,1586.0
Pratiglione,460.0
Quagliuzzo,331.0
Favria,5015.0
Torreglia,6003.0
Brugine,7160.0
Rivoli,47147.0
Duino-Aurisina,8262.0
Muggia,12862.0
Volvera,8477.0
Balzola,1234.0
Basaluzzo,2007.0
Rivarolo Canavese,12294.0
Rivarossa,1537.0
Montecastrilli,4809.0
Masi,1797.0
San Bellino,1016.0
Porano,1920.0
Rubiana,2417.0
Montegrino Valtravaglia,1479.0
Alice Bel Colle,680.0
Altavilla Monferrato,393.0
Gravere,669.0
Montegabbione,1110.0
Monteleone d'Orvieto,1369.0
Forno Canavese,3197.0
Frassinetto,274.0
Robassomero,3066.0
Rocca Canavese,1698.0
Reano,1779.0
Frossasco,2812.0
Garzigliana,546.0
Giaveno,16223.0
Givoletto,4114.0
Romano Canavese,2639.0
Ronco Canavese,271.0
San Dorligo della Valle,5688.0
Ribordone,50.0
Riva presso Chieri,4732.0
Antey-Saint-André,538.0
Prascorsano,714.0
Avolasca,258.0
Sgonico,1997.0
Acqui Terme,18967.0
Montecchio,1521.0
Montefranco,1254.0
Roletto,1968.0
Villadose,4714.0
Ariano nel Polesine,3870.0
Saonara,10481.0
Rondissone,1919.0
Rorà,225.0
Groscavallo,192.0
Grosso,997.0
San Colombano Belmonte,354.0
San Didero,508.0
San Gemini,4729.0
San Venanzo,2177.0
Alzano Scrivia,348.0
Arquata Scrivia,6256.0
Sant'Elena,2517.0
Avise,301.0
Sant'Urbano,1905.0
Arquà Polesine,2573.0
Albera Ligure,303.0
San Giusto Canavese,3241.0
San Martino Canavese,795.0
Arvier,822.0
Rueglio,795.0
Salassa,1823.0
Penna in Teverina,1022.0
Polino,206.0
Giaglione,589.0
Salbertrand,605.0
Grugliasco,36896.0
Ingria,43.0
Fratta Polesine,2433.0
Frassinelle Polesine,1338.0
Chamois,108.0
Champdepraz,729.0
San Francesco al Campo,4842.0
San Germano Chisone,1708.0
Ceregnano,3404.0
Crespino,1744.0
Corbola,2175.0
Castelguglielmo,1534.0
San Secondo di Pinerolo,3637.0
Stroncone,4629.0
Baranzate,11823.0
San Ponso,238.0
Lessolo,1744.0
Levone,441.0
Samone,1491.0
San Benigno Canavese,6062.0
Otricoli,1717.0
Parrano,488.0
Gavello,1465.0
San Gillio,3243.0
Rosta,5086.0
Roure,764.0
Isolabella,374.0
Issiglio,425.0
Salerano Canavese,467.0
Salza di Pinerolo,67.0
San Mauro Torinese,18581.0
San Pietro Val Lemina,1464.0
San Raffaele Cimena,3141.0
San Sebastiano da Po,1866.0
Borghetto di Borbera,1923.0
Borgo San Martino,1341.0
San Maurizio Canavese,10278.0
Alfiano Natta,695.0
Inverso Pinasca,681.0
Camino,733.0
Bistagno,1748.0
Chambave,875.0
Champorcher,362.0
Bassignana,1529.0
Belforte Monferrato,498.0
Borgoratto Alessandrino,546.0
Bosco Marengo,2204.0
Lanzo Torinese,4881.0
Carbonara Scrivia,1128.0
Carentino,330.0
Brusson,849.0
Casalnoceto,976.0
Casasco,114.0
Cantalupo Ligure,445.0
Capriata d'Orba,1764.0
Ivrea,22357.0
Carpeneto,889.0
Carrega Ligure,86.0
Bobbio,3408.0
Arnad,1230.0
Aymavilles,2096.0
Bard,108.0
Teramo,51548.0
Bozzole,330.0
Brignano-Frascata,423.0
Émarèse,231.0
Sauze d'Oulx,1025.0
Bosio,1038.0
Sangano,3675.0
Sant'Ambrogio di Torino,4591.0
Cassano Spinola,1803.0
Carezzano,428.0
Bergamasco,694.0
Berzano di Tortona,153.0
Macerata,40496.0
Fermo,35789.0
Donnas,2420.0
Doues,512.0
Cabella Ligure,468.0
Camagna Monferrato,469.0
Charvensod,2399.0
Châtillon,4358.0
Challand-Saint-Anselme,746.0
Challand-Saint-Victor,551.0
Cassine,2801.0
Cassinelle,868.0
Castellania Coppi,87.0
Pesaro,95376.0
Courmayeur,2815.0
Sauze di Cesana,243.0
Scalenghe,3190.0
La Cassa,1779.0
La Loggia,8785.0
Chieti,48455.0
San Benedetto del Tronto,46957.0
Fano,59909.0
Étroubles,478.0
Fénis,1771.0
Carrosio,487.0
Cartosio,724.0
Morsano al Tagliamento,2671.0
Bollate,36204.0
Fontainemore,418.0
San Giorgio Canavese,2513.0
San Giorio di Susa,976.0
Lemie,159.0
Settimo Rottaro,470.0
Settimo Torinese,45840.0
Casal Cermelli,1192.0
Casaleggio Boiro,354.0
Lauriano,1386.0
Leini,16299.0
Scarmagno,793.0
Sciolze,1455.0
Locana,1317.0
Fabriano,28918.0
Cerreto Grue,291.0
Cerrina,1312.0
Lusigliè,543.0
Macello,1151.0
Castelnuovo Bormida,626.0
Cavatore,262.0
Cella Monte,465.0
Sestriere,929.0
Castelletto Merli,456.0
Castelletto Monferrato,1469.0
Gaby,423.0
Gignod,1675.0
Cereseto,389.0
Jesi,39137.0
Sant'Antonino di Susa,4071.0
Santena,10441.0
Montalto Dora,3297.0
Introd,648.0
Issime,365.0
Tavagnasco,745.0
Settimo Vittone,1507.0
Moriondo Torinese,856.0
Monastero di Lanzo,334.0
Issogne,1301.0
Maglione,420.0
Gressoney-La-Trinité,322.0
Gressoney-Saint-Jean,775.0
Mazzè,4241.0
Savona,58194.0
Castellar Guidobono,401.0
Castellazzo Bormida,4461.0
Mathi,3763.0
Mattie,670.0
La Salle,2017.0
Moncalieri,56117.0
Moncenisio,47.0
La Thuile,790.0
Lillianes,425.0
Civitanova Marche,41790.0
Imperia,42060.0
Marentino,1282.0
Massello,58.0
Castelletto d'Erro,130.0
Castelletto d'Orba,1805.0
Piacenza,102465.0
Hône,1140.0
Strambino,6050.0
Susa,5911.0
Mombello di Torino,397.0
Mompantero,623.0
Reggio Emilia,169545.0
Lombardore,1694.0
Lombriasco,1077.0
Montaldo Torinese,726.0
Montalenghe,974.0
Felizzano,2106.0
Luserna San Giovanni,7163.0
Lusernetta,493.0
Dernice,178.0
Fabbrica Curone,570.0
Sparone,939.0
Strambinello,261.0
Castelnuovo Scrivia,4862.0
Castelspina,394.0
Oyace,209.0
Montanaro,5058.0
Monteu da Po,868.0
Gressan,3358.0
Jovençan,703.0
La Magdeleine,104.0
Morgex,2053.0
Coniolo,444.0
Conzano,932.0
Meana di Susa,807.0
Mercenasco,1313.0
Frascaro,424.0
Frassinello Monferrato,464.0
Perloz,459.0
Pollein,1485.0
Costa Vescovato,316.0
Saint-Marcel,1311.0
Saint-Nicolas,327.0
Montjovet,1754.0
Loranzè,1159.0
Nomaglio,284.0
None,7785.0
Orio Canavese,745.0
Osasco,1150.0
Torrazza Piemonte,3017.0
Frassineto Po,1364.0
Torre Canavese,629.0
Torre Pellice,4575.0
Pont-Saint-Martin,3527.0
Valgioie,957.0
Cremolino,985.0
Denice,170.0
Pontboset,172.0
Pontey,790.0
Mezzenile,729.0
Trana,3794.0
Traversella,311.0
Traves,503.0
Villanova Canavese,1203.0
Lucca,88798.0
Oulx,3273.0
Ozegna,1170.0
Usseglio,189.0
Vaie,1378.0
Forlì,118152.0
Pecetto Torinese,4029.0
Nichelino,46244.0
Noasca,108.0
Giarole,688.0
Gremiasco,280.0
Ferrara,129340.0
Gamalero,802.0
Garbagna,609.0
Isola Sant'Antonio,619.0
Lerma,793.0
Pré-Saint-Didier,980.0
Vigone,5055.0
Villafranca Piemonte,4594.0
Montaldeo,216.0
Montaldo Bormida,605.0
Nole,6767.0
Fraconalto,302.0
Francavilla Bisio,524.0
Fresonara,627.0
Frugarolo,1869.0
Vallo Torinese,784.0
Valperga,2970.0
Fubine Monferrato,1586.0
Gabiano,1027.0
Ravenna,155751.0
Malvicino,76.0
Masio,1237.0
Valprato Soana,89.0
Varisella,825.0
Nus,2983.0
Ollomont,170.0
Vauda Canavese,1428.0
Perosa Argentina,3072.0
Perosa Canavese,511.0
Roisan,1001.0
Saint-Christophe,3482.0
Montecastello,285.0
Montechiaro d'Acqui,504.0
Trofarello,10578.0
Usseaux,175.0
Perrero,570.0
Pertusio,747.0
Novalesa,514.0
Oglianico,1444.0
Saint-Denis,359.0
Villar Dora,2792.0
Palazzo Canavese,834.0
Melazzo,1219.0
Merana,186.0
Gavi,4415.0
Ozzano Monferrato,1345.0
Paderna,193.0
Ottiglio,579.0
Venaria Reale,32288.0
Venaus,875.0
Saint-Pierre,3256.0
Montegioco,281.0
Verolengo,4803.0
Verrua Savoia,1332.0
Massa,66160.0
Carrara,59905.0
Siligo,789.0
Mirabello Monferrato,1212.0
Montemarzino,306.0
Morano sul Po,1288.0
Pecetto di Valenza,1183.0
Pietra Marazzi,889.0
Moncestino,189.0
Mongiardino Ligure,151.0
Osasio,931.0
Orbassano,23061.0
Rimini,149211.0
Morbello,381.0
Mornese,694.0
Ovada,10779.0
Oviglio,1193.0
Occimiano,1228.0
Monleale,562.0
Molare,1978.0
Molino dei Torti,568.0
Olivola,112.0
Orsara Bormida,388.0
Pistoia,88990.0
Vialfrè,253.0
Vidracco,475.0
Saint-Oyen,199.0
Montegranaro,12523.0
Pino Torinese,8420.0
Piobesi Torinese,3804.0
Ponti,514.0
Ponzano Monferrato,332.0
Saint-Vincent,4448.0
Torgnon,557.0
Verrayes,1293.0
Verrès,2539.0
Valpelline,595.0
Rivisondoli,676.0
Rocca Pia,172.0
Rieti,45276.0
Grognardo,230.0
Grondona,472.0
Pancalieri,1991.0
Parella,412.0
Pisa,88737.0
Morsasco,616.0
Murisengo Monferrato,1272.0
Cantù,39715.0
Piossasco,18025.0
Montacuto,248.0
Pessinetto,584.0
Prato,195736.0
Vestignè,743.0
Pianezza,15454.0
Pinasca,2823.0
Pareto,498.0
Pontecurone,3457.0
Pontestura,1321.0
Camino al Tagliamento,1544.0
Campoformido,7862.0
Guazzora,290.0
Mombello Monferrato,911.0
Momperone,201.0
Pomaro Monferrato,301.0
Pozzol Groppo,295.0
Pozzolo Formigaro,4506.0
Rocca di Botte,866.0
Rocca di Cambio,496.0
Parodi Ligure,604.0
Pasturana,1289.0
Arezzo,96260.0
Ceretto Lomellina,184.0
Cardano al Campo,14701.0
Pinerolo,35418.0
Poirino,10183.0
Lecce,94783.0
Campolongo Tapogliano,1096.0
Carlino,2669.0
Rocca di Mezzo,1355.0
San Benedetto dei Marsi,3703.0
Pavarolo,1172.0
Pavone Canavese,3606.0
Pompei,23910.0
Bordano,705.0
Buja,6332.0
Odalengo Grande,415.0
Odalengo Piccolo,222.0
Arta Terme,2050.0
Artegna,2887.0
Quargnento,1346.0
Quattordio,1461.0
Basiliano,5209.0
Villeneuve,1262.0
Codroipo,15863.0
Colloredo di Monte Albano,2175.0
Viterbo,65949.0
San Salvatore Monferrato,3998.0
San Sebastiano Curone,536.0
Piscina,3282.0
Piverone,1279.0
Sale,3880.0
San Cristoforo,535.0
Bertiolo,2355.0
Bicinicco,1801.0
Comeglians,436.0
Chiusaforte,606.0
Cividale del Friuli,10815.0
Bornasco,2676.0
Comerio,2799.0
Attimis,1644.0
Bagnaria Arsa,3436.0
San Giorgio Monferrato,1205.0
Ricaldone,612.0
San Pio delle Camere,656.0
Scanno,1697.0
Scontrone,533.0
Roccacasale,597.0
Roccaraso,1486.0
Bagnaria,639.0
Crosio della Valle,616.0
Castions di Strada,3644.0
Cavazzo Carnico,942.0
Gemonio,2818.0
Rocchetta Ligure,223.0
Rivalta Bormida,1373.0
Rivarone,393.0
San Benedetto in Perillis,95.0
San Demetrio ne' Vestini,1900.0
Faedis,2765.0
Ponzone,1007.0
Cassacco,2772.0
Sant'Agata Fossili,365.0
Sardigliano,380.0
Sante Marie,1075.0
Santo Stefano di Sessanio,114.0
Sulmona,22175.0
Cercivento,635.0
Cervignano del Friuli,13573.0
Tagliacozzo,6436.0
Tione degli Abruzzi,262.0
Latina,127564.0
Frosinone,43417.0
Corno di Rosazzo,3142.0
Coseano,2012.0
Pedesina,37.0
Tornimparte,2789.0
Trasacco,5808.0
Buttrio,3903.0
Sezzadio,1151.0
Silvano d'Orba,1893.0
Prasco,503.0
Predosa,1899.0
Bastida Pancarana,947.0
Montagna in Valtellina,2981.0
Villa Sant'Angelo,487.0
Terruggia,894.0
Terzo,822.0
Pomaretto,961.0
Sarezzano,1108.0
Serralunga di Crea,503.0
Chiopris-Viscone,692.0
Dignano,2253.0
Dogna,151.0
Scoppito,3740.0
Montesegale,258.0
Rosignano Monferrato,1418.0
Sala Monferrato,332.0
San Vincenzo Valle Roveto,2087.0
Sant'Eusanio Forconese,365.0
Postalesio,665.0
Andalo Valtellino,590.0
Villa Santa Lucia degli Abruzzi,89.0
Villalago,511.0
Spineto Scrivia,380.0
Stazzano,2299.0
Strevi,1928.0
Tagliolo Monferrato,1493.0
Flaibano,1085.0
Forgaria nel Friuli,1687.0
Solero,1572.0
Solonghello,196.0
Scurcola Marsicana,2670.0
Secinaro,314.0
Spigno Monferrato,898.0
Borrello,338.0
Bucchianico,4953.0
Ferentino,20048.0
Avellino,52198.0
Foggia,145348.0
Barletta,92427.0
Piazza Brembana,1189.0
Piazzatorre,391.0
Drenchia,97.0
Enemonzo,1268.0
Benevento,56201.0
Rocca Grimalda,1407.0
Roccaforte Ligure,129.0
Andria,97146.0
Canosa Sannita,1268.0
Pizzale,678.0
Mazzo di Valtellina,1034.0
Serravalle Scrivia,5871.0
Bolognano,1002.0
Valmacca,969.0
Vignale Monferrato,907.0
Casalbordino,5791.0
Ticineto,1315.0
Tortona,26432.0
Tassarolo,589.0
Paladina,3958.0
Palazzago,4511.0
Villavallelonga,830.0
Villetta Barrea,602.0
Carpineto Sinello,480.0
Carunchio,565.0
Treville,261.0
Vittorito,806.0
Imola,69121.0
Piazzolo,85.0
Pognano,1550.0
Villalvernia,870.0
Villamiroglio,294.0
Lestizza,3623.0
Orio al Serio,1642.0
Ornica,137.0
Arielli,1074.0
Isernia,20617.0
Lignano Sabbiadoro,6842.0
Lusevera,596.0
Sassari,121021.0
Forni di Sopra,921.0
Forni di Sotto,548.0
Capo d'Orlando,13031.0
Altino,3067.0
Forni Avoltri,501.0
Pedrengo,5912.0
Peia,1709.0
Casacanditella,1169.0
Casalanguida,818.0
Oneta,566.0
Onore,922.0
Vignole Borbera,2032.0
Palosco,5739.0
Parre,2674.0
Aramengo,575.0
Azzano d'Asti,389.0
Brindisi,82694.0
Trani,54941.0
Fagagna,5980.0
Agliano Terme,1558.0
Ponte San Pietro,11660.0
Ponteranica,6675.0
Magnano in Riviera,2256.0
Albugnano,496.0
Antignano,940.0
Volpeglino,132.0
Voltaggio,657.0
Trisobbio,655.0
Valenza,18025.0
Viguzzolo,3036.0
Villadeati,483.0
Villanova Monferrato,1718.0
Martignacco,6871.0
Mereto di Tomba,2513.0
Casalincontrada,3019.0
Casoli,5154.0
Taranto,188098.0
Pianico,1434.0
Piario,994.0
Civitella Messer Raimondo,769.0
Colledimacine,158.0
Gonars,4530.0
Grimacco,304.0
Cosenza,63760.0
Osio Sopra,5210.0
Archi,1999.0
Ari,1071.0
Matera,59685.0
Villaromagnano,647.0
Volpedo,1150.0
Gemona del Friuli,10461.0
Osio Sotto,12592.0
Pagazzano,2104.0
Olbia,61048.0
Castelguidone,294.0
Castiglione Messer Marino,1518.0
Latisana,13133.0
Lauco,657.0
Manzano,6310.0
Vibo Valentia,31092.0
Piantedo,1417.0
Castel Frentano,4264.0
Parzanica,328.0
Ponte Nossa,1697.0
Pradalunga,4530.0
Marano Lagunare,1713.0
Celenza sul Trigno,781.0
Civitaluparella,281.0
Villacidro,13184.0
Sanluri,8119.0
Predore,1850.0
Premolo,1059.0
Belveglio,308.0
Berzano di San Pietro,421.0
Bruno,299.0
Bubbio,808.0
Presezzo,4767.0
Pumenengo,1696.0
Mortegliano,4809.0
Moruzzo,2415.0
Atessa,10338.0
Bomba,719.0
Camerano Casasco,399.0
Sassuolo,40736.0
Roncobello,434.0
Roncola,861.0
Riva di Solto,869.0
Messina,218786.0
Muzzana del Turgnano,2332.0
Dogliola,311.0
Lanusei,5042.0
Colledimezzo,440.0
Baldichieri d'Asti,1113.0
Trapani,55559.0
Ovaro,1731.0
Nuoro,33850.0
Tempio Pausania,13196.0
Pontida,3233.0
Pontirolo Nuovo,4886.0
Oristano,30363.0
Majano,5771.0
Malborghetto-Valbruna,909.0
Buttigliera d'Asti,2532.0
Calamandrana,1654.0
La Spezia,92119.0
Terni,106370.0
Siracusa,115515.0
Nimis,2587.0
Osoppo,2782.0
San Giovanni Bianco,4599.0
Calliano Monferrato,1203.0
Calosso,1120.0
Palmanova,5280.0
Filetto,854.0
Fossacesia,6280.0
Rogno,3862.0
Romano di Lombardia,20575.0
Ranica,5893.0
Ranzanico,1224.0
Pagnacco,5090.0
Palazzolo dello Stella,2822.0
Balangero,3050.0
Baldissero Canavese,515.0
Pavia di Udine,5486.0
Pocenia,2370.0
Fara Filiorum Petri,1942.0
Fara San Martino,1289.0
Alpignano,16497.0
Andezeno,2012.0
Fraine,261.0
Andrate,479.0
Francavilla al Mare,25622.0
Fresagrandinaria,923.0
Crecchio,2608.0
Cupello,4751.0
Tortolì,10953.0
Carbonia,26250.0
Rota d'Imagna,908.0
Rovetta,4101.0
Val della Torre,3976.0
Prepotto,707.0
Pulfero,833.0
Moggio Udinese,1614.0
Albiano d'Ivrea,1628.0
Almese,6280.0
Iglesias,25093.0
Caltanissetta,58532.0
Moimacco,1620.0
Montenars,478.0
Angrogna,810.0
Arignano,1086.0
Lanciano,33944.0
Fabro,2603.0
Pozzuolo del Friuli,6888.0
Ragogna,2803.0
Ala di Stura,465.0
Avigliana,12370.0
Azeglio,1227.0
Gessopalena,1208.0
Gissi,2479.0
Ravascletto,496.0
Raveo,445.0
Agliè,2558.0
Airasca,3681.0
Resia,916.0
Seriate,25264.0
Bairo,792.0
Reana del Rojale,4657.0
Remanzacco,6006.0
Pontebba,1284.0
Porpetto,2467.0
Povoletto,5444.0
San Paolo d'Argon,5840.0
San Pellegrino Terme,4641.0
Paularo,2334.0
Monteodorisio,2333.0
Mozzagrogna,2392.0
Sarnico,6745.0
Barbania,1563.0
Gamberale,277.0
Scanzorosciate,9944.0
Schilpario,1131.0
Bardonecchia,3028.0
Barone Canavese,554.0
Sedrina,2316.0
Selvino,1997.0
Alpette,251.0
Perano,1504.0
Pizzoferrato,970.0
Ragusa,73159.0
Paluzza,1973.0
Pasian di Prato,9252.0
Baldissero Torinese,3789.0
Balme,105.0
Frisa,1620.0
Furci,806.0
Sant'Omobono Terme,3874.0
Santa Brigida,524.0
Orsogna,3660.0
Ortona,22209.0
Pennadomo,211.0
Pennapiedimonte,411.0
Lettopalena,320.0
Liscia,642.0
Enna,25512.0
Giuliano Teatino,1146.0
Guardiagrele,8420.0
Palena,1234.0
Preone,247.0
Credaro,3511.0
Miglianico,4633.0
Ronchis,1933.0
Ruda,2774.0
Agrigento,55512.0
San Giorgio di Nogaro,7297.0
San Giovanni al Natisone,6023.0
Montazzoli,836.0
Montenerodomo,600.0
Pradamano,3505.0
Prato Carnico,843.0
Quadri,699.0
Resiutta,266.0
Rigolato,361.0
Banchette,3087.0
Rive d'Arcano,2346.0
Sorisole,8862.0
Sotto il Monte Giovanni XXIII,4368.0
San Leonardo,1027.0
San Pietro al Natisone,2070.0
San Vito al Torre,1197.0
Erba,16148.0
San Daniele del Friuli,7914.0
Casale Monferrato,32204.0
Novi Ligure,27252.0
Palmoli,821.0
Palombaro,965.0
Beinasco,17406.0
Guilmi,408.0
Bobbio Pellice,536.0
Bollengo,2109.0
Bolzano Novarese,1132.0
Borgo Ticino,5173.0
Trissino,8619.0
Griante,583.0
Paglieta,4155.0
Lama dei Peligni,1057.0
Lentella,649.0
Nervesa della Battaglia,6516.0
Valdagno,25601.0
Stra,7523.0
Pollutri,2036.0
Pretoro,856.0
Bovisio Masciago,16752.0
Forcola,757.0
Bogogno,1295.0
Solza,1970.0
Songavazzo,709.0
Precenicco,1430.0
Premariacco,3913.0
Laglio,886.0
Terno d'Isola,7993.0
Garzeno,661.0
Grandate,2845.0
Borgaro Torinese,11773.0
Sovere,5238.0
Biandrate,1322.0
Boca,1141.0
Serina,2037.0
Solto Collina,1804.0
Caorle,11108.0
Schio,38580.0
Valsolda,1394.0
Schignano,870.0
Poggiofiorito,798.0
Arzignano,25280.0
Torno,1086.0
Lasnigo,463.0
Cucciago,3446.0
Bibiana,3358.0
Certosa di Pavia,5473.0
Rosasco,537.0
Suisio,3782.0
Taleggio,531.0
Briga Novarese,2760.0
Valtorta,243.0
Vedeseta,192.0
Casaleggio Novara,895.0
Casalino,1512.0
San Vito di Fagagna,1666.0
Santa Maria la Longa,2322.0
Bricherasio,4623.0
Castellazzo Novarese,320.0
Castelletto sopra Ticino,9820.0
Cavaglietto,372.0
Casalvolone,877.0
Torre Boldone,8694.0
Torre de' Roveri,2552.0
Tavernola Bergamasca,1929.0
Telgate,4994.0
Briona,1108.0
Caltignaga,2498.0
Cerano,6678.0
Colazza,551.0
Borgolavezzaro,2001.0
Borgomanero,21188.0
Lurate Caccivio,9675.0
Lipomo,5914.0
Luvinate,1305.0
Robecco Pavese,520.0
Spinone al Lago,981.0
Spirano,5640.0
Spriana,82.0
Valle Salimbene,1455.0
Valgoglio,578.0
Valleve,124.0
Trescore Balneario,9788.0
Treviglio,30683.0
Refrontolo,1711.0
Vigonovo,9835.0
Longare,5499.0
San Biagio di Callalta,12652.0
Borgiallo,579.0
Fossalta di Piave,4137.0
Valmorea,2579.0
San Stino di Livenza,12655.0
Conegliano,34292.0
Borgofranco d'Ivrea,3498.0
Borgomasino,760.0
Sesto Calende,10975.0
Tavernerio,5631.0
Senna Comasco,3138.0
Stezzano,13484.0
Strozza,1112.0
Nove,4870.0
San Michele al Tagliamento,11393.0
Jesolo,26558.0
Vertova,4396.0
Viadanica,1123.0
Brosso,391.0
Brozolo,447.0
Verdellino,7535.0
Verdello,8108.0
Valnegra,210.0
Treviolo,10781.0
Cavaglio d'Agogna,1139.0
Cavallirio,1299.0
Candia Canavese,1201.0
Candiolo,5590.0
Zanica,8686.0
Cameri,10664.0
Curiglia con Monteviasco,152.0
Mezzana Rabattone,463.0
Comignago,1221.0
Brusasco,1482.0
Bruzolo,1486.0
Gazzada Schianno,4570.0
Cercino,802.0
Santo Stefano di Cadore,2340.0
Selva di Cadore,501.0
Villa di Serio,6632.0
Villongo,8082.0
Villa d'Adda,4624.0
Borgone Susa,2154.0
Zogno,8539.0
Agliana,17934.0
Cinto Caomaggiore,3141.0
Vertemate con Minoprio,4121.0
Bovolone,16106.0
Veniano,3071.0
Gera Lario,1061.0
Cafasse,3326.0
Granozzo con Monticello,1321.0
Grignasco,4302.0
Carpignano Sesia,2446.0
Casalbeltrame,988.0
Vilminore di Scalve,1433.0
Zandobbio,2712.0
Lurago Marinone,2576.0
Vigano San Martino,1338.0
Vigolo,572.0
Golferenzo,171.0
Inarzo,1064.0
Valganna,1576.0
Duno,153.0
Tarzo,4190.0
Magreglio,684.0
Ubiale Clanezzo,1328.0
Urgnano,9890.0
Canneto Pavese,1285.0
Bosnasco,623.0
Caluso,7370.0
Cambiano,5885.0
Langosco,372.0
Bruino,8452.0
Villa Guardia,7847.0
Teglio Veneto,2260.0
Villa d'Almè,6499.0
Villa d'Ogna,1760.0
Lonigo,15847.0
Lambrugo,2506.0
Campiglione-Fenile,1313.0
Fara Novarese,2002.0
Fontaneto d'Agogna,2579.0
Galliate,15587.0
Zoppè di Cadore,195.0
Massino Visconti,1130.0
Meina,2367.0
Cressa,1579.0
Cureggio,2589.0
Valbondione,962.0
Valbrembo,4304.0
Garbagna Novarese,1419.0
Fusine,545.0
Gozzano,5499.0
Bosconero,3083.0
Brandizzo,8680.0
Buriasco,1341.0
Cantoira,625.0
Burolo,1114.0
Busano,1595.0
Carmagnola,28182.0
Cascinette d'Ivrea,1497.0
Caselette,3051.0
Caprie,2044.0
Caravino,902.0
Gargallo,1763.0
Ghemme,3381.0
Canischio,280.0
Cantalupa,2559.0
Bussoleno,5608.0
Buttigliera Alta,6214.0
Galliate Lombardo,992.0
Pedavena,4304.0
Sospirolo,3072.0
Seren del Grappa,2326.0
Agazzano,1979.0
Alseno,4684.0
Lesa,2164.0
Besenzone,916.0
Divignano,1414.0
Dormelletto,2515.0
Carema,752.0
Carignano,9076.0
Invorio,4280.0
Landiona,525.0
Maggiora,1616.0
Mandello Vitta,226.0
Colle Santa Lucia,343.0
Saronno,38442.0
Lezzeno,1923.0
Mezzomerico,1193.0
Miasino,818.0
Momo,2377.0
Cuasso al Monte,3515.0
Besano,2515.0
Orta San Giulio,1047.0
Torre di Mosto,4801.0
Locate Varesino,4297.0
Gallarate,52811.0
Caselle Torinese,13878.0
Borca di Cadore,842.0
Nebbiuno,1798.0
Nibbiola,811.0
Scorzè,18981.0
Turate,9693.0
Marano Ticino,1560.0
Moltrasio,1509.0
Pognana Lario,667.0
Ponte Lambro,4228.0
Rovello Porro,6264.0
Orsenigo,2641.0
Rodero,1266.0
Sorico,1240.0
Seregno,44917.0
Castellamonte,9674.0
Castelnuovo Nigra,409.0
Castagneto Po,1784.0
Castagnole Piemonte,2192.0
Olgiate Comasco,11862.0
Faloppio,4837.0
Castiglione Torinese,6525.0
Oleggio,14215.0
Oleggio Castello,2214.0
Ceres,1020.0
Ceresole Reale,158.0
Biandronno,3162.0
Giussano,25956.0
Margarita,1417.0
Marmora,54.0
Cesana Torinese,896.0
Tirano,8828.0
Casalborgone,1866.0
Bressana Bottarone,3460.0
Comabbio,1199.0
Bisuschio,4264.0
Dorno,4553.0
Bascapè,1768.0
Vigevano,62076.0
Cislago,10401.0
Golasecca,2621.0
Montano Lucino,5387.0
Nesso,1157.0
Buggiano,8678.0
Manta,3770.0
Samarate,16026.0
Marene,3293.0
Bettona,4224.0
Livigno,6789.0
Frascarolo,1080.0
Talamona,4582.0
Verano Brianza,9137.0
Vedano al Lambro,7477.0
Cozzo,345.0
Caronno Pertusella,18133.0
Seveso,23882.0
Bevagna,4797.0
Campello sul Clitunno,2314.0
Chies d'Alpago,1251.0
Cercenasco,1757.0
Pombia,2147.0
Prato Sesia,1820.0
Gornate Olona,2165.0
Marsaglia,219.0
Cavagnolo,2263.0
Cavour,5425.0
Castelveccana,1853.0
Chieri,35822.0
Chiesanuova,213.0
Varedo,13769.0
Angera,5391.0
Martiniana Po,748.0
Melle,300.0
Bedero Valcuvia,677.0
Caiolo,1049.0
Monasterolo di Savigliano,1330.0
Moiola,213.0
Pisano,803.0
Pogno,1348.0
Casorate Sempione,5637.0
Grosotto,1619.0
Paruzzaro,2137.0
Pella,885.0
Monastero di Vasco,1261.0
Monasterolo Casotto,81.0
Chiomonte,854.0
Pettenasco,1340.0
San Cipriano Po,457.0
Madesimo,507.0
Germignaga,3693.0
Val Masino,840.0
Ferrara di Monte Baldo,269.0
Monguzzo,2355.0
Menaggio,3040.0
Montemezzo,210.0
Monchiero,570.0
Mondovì,22040.0
Bernareggio,11433.0
Carate Brianza,17817.0
Mombarcaro,261.0
Mombasiglio,618.0
Gosaldo,518.0
Torre Beretti e Castellaro,495.0
Chiaverano,1966.0
Chiusa di San Michele,1522.0
Chivasso,26224.0
Plesio,820.0
Maser,5098.0
Soriso,723.0
Torre de' Negri,321.0
San Damiano al Colle,622.0
Ferrera Erbognone,1049.0
Bereguardo,2878.0
Romagnano Sesia,3680.0
Romentino,5595.0
Brissago-Valtravaglia,1273.0
Cassano Valcuvia,660.0
Cencenighe Agordino,1213.0
Val di Nizza,558.0
Chialamberto,337.0
Chianocco,1528.0
Danta di Cadore,433.0
Carbonara al Ticino,1424.0
Ciconio,355.0
Monesiglio,585.0
Casei Gerola,2328.0
Casale Litta,2732.0
Sozzago,1086.0
Suno,2689.0
Lugo di Vicenza,3560.0
Zeme,992.0
Zavattarello,879.0
Mortara,15360.0
Garlasco,9504.0
Castione Andevenno,1529.0
Montemale di Cuneo,222.0
San Nazzaro Sesia,713.0
San Pietro Mosezzo,1980.0
Casatisma,849.0
Colleretto Castelnuovo,326.0
Montelupo Albese,467.0
Sillavengo,552.0
Sizzano,1364.0
Monforte d'Alba,1951.0
Monterosso Grana,517.0
Cirié,18121.0
Claviere,211.0
Valdobbiadene,9973.0
Terdobbiate,442.0
Tornaco,858.0
Lardirago,1180.0
Sannazzaro de' Burgondi,5087.0
Murello,932.0
Narzole,3519.0
Montaldo di Mondovì,541.0
Montanera,699.0
Lungavilla,2435.0
Lamon,2629.0
Cintano,239.0
Cinzano,331.0
Recetto,970.0
Marcon,17594.0
Monteu Roero,1611.0
Montezemolo,229.0
Solagna,1795.0
Zelbio,188.0
Gambarana,194.0
Zerbo,378.0
Pieve Albignola,819.0
Cossano Canavese,435.0
Olevano di Lomellina,711.0
Rezzago,303.0
Mariano Comense,25258.0
Castello dell'Acqua,597.0
Brezzo di Bedero,1217.0
San Maurizio d'Opaglio,2955.0
Pianello del Lario,1063.0
Noventa di Piave,6978.0
Bisceglie,53534.0
Trecate,20510.0
Oltrona di San Mamette,2327.0
Peglio,645.0
Neive,3305.0
Corio,3028.0
Montaldo Roero,888.0
Moretta,4061.0
Colleretto Giacosa,594.0
Condove,4449.0
Sant'Angelo in Pontano,1245.0
Molinella,15636.0
Sant'Anna d'Alfaedo,2573.0
Proserpio,948.0
Niella Tanaro,960.0
Fortunago,365.0
Tartano,194.0
Vespolate,2046.0
Trivolzio,2386.0
Torre d'Arese,918.0
Gravedona ed Uniti,4041.0
Fino Mornasco,9940.0
Limido Comasco,3861.0
Morozzo,2007.0
Murazzano,866.0
Neviglie,367.0
Niella Belbo,326.0
Monghidoro,3804.0
Colorina,1372.0
Vizzola Ticino,587.0
Coassolo Torinese,1432.0
Vicolungo,849.0
Vinzaglio,518.0
Coazze,3254.0
Collegno,48340.0
Cavaria con Premezzo,5643.0
Pedemonte,665.0
Bevilacqua,1768.0
Minervino Murge,8171.0
Antrona Schieranco,406.0
Medicina,16625.0
Casanova Lonati,458.0
Nicorvo,277.0
Monticello d'Alba,2325.0
Montà,4683.0
Cedrasco,421.0
Cocquio-Trevisago,4626.0
Minerbio,8870.0
San Severino Marche,11881.0
Canosa di Puglia,27943.0
Margherita di Savoia,11161.0
Vaprio d'Agogna,964.0
Varallo Pombia,4965.0
Oncino,81.0
Ormea,1478.0
Novello,946.0
Cogliate,8424.0
Anzola d'Ossola,373.0
Cibiana di Cadore,331.0
Chignolo Po,3942.0
Ronco Briantino,3591.0
Castelletto di Branduzzo,995.0
Malalbergo,9130.0
Marzabotto,6856.0
Trinitapoli,13844.0
Calasca-Castiglione,607.0
Belgirate,473.0
Beura-Cardezza,1417.0
Paroldo,190.0
Luisago,2759.0
Ponna,234.0
Roncade,14613.0
Ostana,85.0
Paesana,2589.0
Perletto,254.0
Perlo,106.0
Sarnano,3042.0
Monterenzio,6090.0
Cergnago,674.0
Pagno,591.0
Pamparato,266.0
Livo,753.0
Stazzona,599.0
Porto Ceresio,2854.0
Castelnovetto,514.0
Calciano,664.0
Cirigliano,284.0
Mordano,4593.0
Pianoro,17652.0
Nucetto,387.0
San Giacomo Filippo,364.0
Cremenaga,786.0
Piobesi d'Alba,1416.0
Treia,9013.0
Pieve di Cento,7255.0
Sefro,433.0
Monzuno,6398.0
San Zeno di Montagna,1464.0
Povegliano,5081.0
Montalto Pavese,852.0
Codevilla,919.0
Cornate d'Adda,10794.0
Sernio,488.0
Urbisaglia,2405.0
Baveno,4681.0
Bee,789.0
Piasco,2713.0
Pietraporzio,71.0
Sant'Ambrogio di Valpolicella,11846.0
San Fermo della Battaglia,7790.0
San Giorgio di Piano,9376.0
Aurano,101.0
Baceno,876.0
Arola,237.0
Peveragno,5466.0
Spinazzola,5934.0
Piozzo,990.0
Pocapaglia,3294.0
Prazzo,177.0
Arizzano,1964.0
San Ferdinando di Puglia,13667.0
Bognanco,178.0
Brovello-Carpugnino,765.0
Racconigi,9634.0
Visso,961.0
San Benedetto Val di Sambro,4189.0
Zola Predosa,19207.0
Serrapetrona,899.0
Ussita,368.0
Sala Bolognese,8407.0
Canelli,10031.0
Cantarana,981.0
Cornuda,6225.0
Mareno di Piave,9455.0
Sasso Marconi,14747.0
Velo Veronese,782.0
Dolcè,2487.0
Serravalle di Chienti,1039.0
Tolentino,17872.0
Bannio Anzino,454.0
Castel Boglione,581.0
Castel Rocchero,379.0
Polonghera,1122.0
Pradleves,238.0
Vestenanova,2491.0
Albano Sant'Alessandro,8264.0
Dolo,14953.0
Porlezza,4858.0
Colobraro,1064.0
San Giovanni in Persiceto,27720.0
San Lazzaro di Savena,32614.0
Accettura,1622.0
Pezzolo Valle Uzzone,305.0
Pianfei,2085.0
Algua,675.0
Almenno San Bartolomeo,6557.0
Aliano,880.0
Bernalda,11968.0
Lanzada,1260.0
Gorla Minore,8131.0
Torre di Santa Maria,734.0
Castelnuovo Calcea,690.0
Campodolcino,938.0
San Pietro in Casale,12834.0
Sant'Agata Bolognese,7285.0
Craco,620.0
Ferrandina,8032.0
Verceia,1058.0
Borgo San Siro,947.0
Capriglio,307.0
Cerreto di Spoleto,975.0
Delebio,3307.0
Besnate,5475.0
Silvano Pietra,632.0
Buglio in Monte,1981.0
Chiusano d'Asti,250.0
Misinto,5682.0
Mercallo,1787.0
Ponte in Valtellina,2241.0
Celle Enomondo,440.0
Cerreto d'Asti,217.0
Grassano,4728.0
Grottole,2031.0
Garaguso,973.0
Gorgoglione,864.0
Fagnano Olona,12447.0
Bellusco,7413.0
Revello,4179.0
Cannara,4175.0
Castellero,278.0
Castelletto Molina,141.0
Priola,650.0
Prunetto,392.0
Priero,498.0
Priocca,2060.0
Aviatico,568.0
Triuggio,8672.0
Carnago,6562.0
Gordona,1948.0
Cunardo,2880.0
Castell'Alfero,2610.0
Castello di Annone,1822.0
Castelnuovo Belbo,822.0
Castelnuovo Don Bosco,3119.0
Cellarengo,712.0
Cerro Tanaro,587.0
Cessole,358.0
Casorzo Monferrato,595.0
Cassinasco,558.0
Briosco,6075.0
Jerago con Orago,5227.0
Lonate Pozzolo,11364.0
Arzago d'Adda,2725.0
Averara,180.0
Poggio a Caiano,9863.0
Montemurlo,19105.0
Cantagallo,3100.0
Cascia,2957.0
Castel Ritaldi,3041.0
Castiglione del Lago,15137.0
Vaiano,9906.0
Carmignano,14605.0
Cinaglio,410.0
Cisterna d'Asti,1207.0
Alzano Lombardo,13334.0
Ambivere,2342.0
Candia Lomellina,1455.0
Cuveglio,3294.0
Arcene,4928.0
Ardesio,3313.0
Argenta,20917.0
Bondeno,13738.0
Adrara San Martino,2169.0
Adrara San Rocco,806.0
Roaschia,93.0
Corsione,201.0
Cortandone,307.0
Valfurva,2487.0
Traona,2846.0
Cavenago di Brianza,7392.0
Pisticci,16708.0
Irsina,4449.0
Miglionico,2372.0
Sovico,8316.0
Borgarello,2689.0
Antegnate,3214.0
Montalbano Jonico,6662.0
Montescaglioso,9241.0
Rittana,105.0
Citerna,3367.0
Almenno San Salvatore,5521.0
Almè,5496.0
Roburent,474.0
Castagnole Monferrato,1108.0
Castagnole delle Lanze,3661.0
San Giorgio Lucano,1051.0
San Mauro Forte,1265.0
Albano di Lucania,1341.0
Anzi,1524.0
Azzano San Paolo,7577.0
Azzone,359.0
Costigliole d'Asti,5630.0
Cunico,428.0
Tricarico,4761.0
Coazzolo,292.0
Cocconato,1422.0
Policoro,17832.0
Pomarico,3763.0
Nova Siri,6784.0
Oliveto Lucano,353.0
Cortanze,261.0
Frinco,739.0
Grana Monferrato,509.0
Gorla Maggiore,4835.0
Barlassina,6839.0
Grazzano Badoglio,572.0
Incisa Scapaccino,2019.0
Calvera,354.0
Campomaggiore,720.0
Rotondella,2436.0
Salandra,2523.0
Copparo,15673.0
Bella,4696.0
Brienza,3854.0
Costacciaro,1058.0
Maretto,372.0
Moasca,535.0
Fontanile,486.0
Roccaforte Mondovì,2064.0
Armento,552.0
Atella,3654.0
Vernio,6144.0
Rifreddo,1039.0
Tursi,4705.0
Valsinni,1344.0
Città della Pieve,7466.0
Rocca Cigliè,122.0
Monteleone di Puglia,925.0
Dusino San Michele,1057.0
Ferrere,1505.0
Scanzano Jonico,7491.0
Stigliano,3584.0
Brebbia,3124.0
Arcisate,9933.0
Rocchetta Belbo,158.0
Roddi,1541.0
Orino,839.0
Biassono,12305.0
Berbenno di Valtellina,4039.0
Cantello,4723.0
Rocca de’ Baldi,1552.0
Roccabruna,1522.0
Città di Castello,38222.0
Cento,35231.0
Mesola,6454.0
Lagosanto,4718.0
Masi Torello,2292.0
Abriola,1306.0
Acerenza,2204.0
Goro,3475.0
Jolanda di Savoia,2630.0
Carbone,517.0
Castelgrande,818.0
Brindisi Montagna,794.0
Calvello,1768.0
Codigoro,11072.0
Comacchio,22017.0
Corciano,21535.0
Roccavione,2621.0
Roascio,90.0
Robilante,2129.0
Piuro,1905.0
Laveno-Mombello,8353.0
Castello Cabiaglio,567.0
Casciago,3614.0
Lozza,1179.0
Ospitale di Cadore,261.0
Cortiglione,527.0
Cossombrato,517.0
Mombaldone,197.0
Mombaruzzo,952.0
Roddino,405.0
Deruta,9535.0
Banzi,1160.0
Ferno,6685.0
Loazzolo,295.0
Maranzana,228.0
Roccasparvera,744.0
Collazzone,3324.0
Avigliano,10614.0
Balvano,1722.0
Ostellato,5604.0
Poggio Renatico,9709.0
Chiaromonte,1741.0
Perarolo di Cadore,373.0
Brinzio,769.0
Concorezzo,15880.0
Motta Montecorvino,651.0
Ordona,2805.0
Villa di Chiavenna,948.0
Bodio Lomnago,2244.0
Mattinata,5976.0
Monte Sant'Angelo,11353.0
San Marco in Lamis,12633.0
Cancellara,1139.0
Mongardino,854.0
Montabone,319.0
Isola d'Asti,1939.0
Venegono Superiore,7316.0
Castelluccio Inferiore,1929.0
Castelluccio Superiore,709.0
Castelmezzano,710.0
Castelsaraceno,1176.0
Cesenatico,25921.0
Civitella di Romagna,3639.0
Orta Nova,16783.0
Panni,693.0
Castrocaro Terme e Terra del Sole,6352.0
Rocchetta Sant'Antonio,1687.0
Rodi Garganico,3302.0
Baragiano,2485.0
Barile,2555.0
Castronuovo di Sant'Andrea,886.0
Cersosimo,523.0
Modigliana,4288.0
Montiano,1705.0
Monale,979.0
Monastero Bormida,861.0
Fardella,565.0
Filiano,2728.0
Corleto Perticara,2294.0
Episcopia,1264.0
Landriano,6495.0
Solbiate Arno,4010.0
Rignano Garganico,1817.0
Forenza,1825.0
Francavilla in Sinni,3943.0
Predappio,6296.0
Premilcuore,692.0
Longiano,7215.0
Meldola,9879.0
Gambettola,10682.0
Gatteo,9325.0
Laurenzana,1597.0
Lauria,11882.0
Montafia,938.0
Lavello,12998.0
Portomaggiore,11780.0
Vigarano Mainarda,7600.0
Serracapriola,3656.0
Stornara,5772.0
Ginestra,699.0
Grumento Nova,1557.0
Orsara di Puglia,2507.0
Voghiera,3559.0
Stornarella,5239.0
Montiglio Monferrato,1496.0
Peschici,4283.0
Poggio Imperiale,2471.0
Moncalvo,2730.0
Moncucco Torinese,880.0
Castello d'Agogna,1051.0
Torre d'Isola,2408.0
Cairate,7737.0
Burago di Molgora,4234.0
Torremaggiore,16514.0
Troia,6689.0
San Paolo di Civitate,5460.0
Sant'Agata di Puglia,1803.0
Mombercelli,2087.0
Torrevecchia Pia,3516.0
Battuda,659.0
Nizza Monferrato,10101.0
Olmo Gentile,73.0
Bertinoro,11026.0
Borghi,2871.0
Guardia Perticara,517.0
Galeata,2433.0
San Marco la Catola,879.0
San Nicandro Garganico,13779.0
Marsicovetere,5608.0
Maschito,1465.0
Portico e San Benedetto,723.0
Dovadola,1573.0
Forlimpopoli,13047.0
Mercato Saraceno,6797.0
Roseto Valfortore,993.0
San Giovanni Rotondo,26235.0
Montegrosso d'Asti,2311.0
Montemagno Monferrato,1034.0
Sulbiate,4451.0
Cuvio,1652.0
Veduggio con Colzano,4129.0
Volturino,1554.0
Zapponeta,3275.0
Pescopagano,1659.0
Picerno,5637.0
Verghereto,1772.0
Bagnatica,4472.0
Nemoli,1380.0
Noepoli,744.0
Gallicchio,803.0
Genzano di Lucania,5240.0
Daverio,3081.0
Gerenzano,10845.0
Rocca San Casciano,1798.0
Roncofreddo,3422.0
Passerano Marmorito,443.0
Penango,436.0
Pietragalla,3868.0
Pietrapertosa,890.0
Rionero in Vulture,12496.0
Ripacandida,1564.0
Portacomaro,1901.0
Quaranti,148.0
Cugliate-Fabiasco,3096.0
Zeccone,1719.0
Maratea,4725.0
Marsico Nuovo,3799.0
Zagarise,1425.0
Sorbo San Basile,754.0
Vistarino,1567.0
Trovo,1003.0
Berzo San Fermo,1404.0
Bianzano,611.0
Avetrana,6277.0
Carosino,6583.0
Piea,511.0
Montemilone,1372.0
Montemurro,1088.0
Copiano,1708.0
Villanova d'Ardenghi,745.0
Pino d'Asti,213.0
Piovà Massaia,575.0
Barbata,695.0
Bariano,4209.0
Savignano sul Rubicone,17842.0
Magherno,1778.0
Montaldo Scarampi,694.0
Montechiaro d'Asti,1229.0
Barzana,2015.0
Lagonegro,5042.0
Latronico,4083.0
Rocchetta Palafea,338.0
Blello,71.0
Leporano,8237.0
Lizzano,9579.0
Sogliano al Rubicone,3126.0
Tredozio,1110.0
Paterno,3037.0
San Chirico Nuovo,1176.0
San Chirico Raparo,929.0
Rivello,2523.0
Roccanova,1304.0
Missanello,469.0
Moliterno,3573.0
San Costantino Albanese,594.0
San Fele,2600.0
Muro Lucano,4931.0
Oppido Lucano,3559.0
Palazzo San Gervasio,4432.0
Refrancore,1574.0
Revigliasco d'Asti,733.0
Manduria,29933.0
Grottaglie,30587.0
Laterza,14771.0
Santa Sofia,4030.0
Sarsina,3308.0
Rotonda,3171.0
Volturara Appula,378.0
Bedulita,702.0
Berbenno,2440.0
Ruoti,3253.0
Ruvo del Monte,995.0
Pignola,6770.0
Rapolla,4165.0
Castellaneta,16181.0
San Mauro Pascoli,12186.0
Crispiano,13139.0
Faggiano,3422.0
San Severino Lucano,1363.0
Sant'Angelo Le Fratte,1295.0
Gambolò,9730.0
Mello,932.0
San Paolo Solbrito,1159.0
Scurzolengo,506.0
San Marzano di San Giuseppe,8892.0
Sava,15350.0
Rocchetta Tanaro,1348.0
San Damiano d'Asti,8056.0
Vico del Gargano,7290.0
Vieste,13405.0
Massafra,31960.0
Albidona,1142.0
Alessandria del Carretto,357.0
Belmonte Calabro,1749.0
Belsito,870.0
Roatto,367.0
Robella,436.0
Anghiari,5384.0
Voltago Agordino,801.0
Gerenzago,1447.0
Acri,18836.0
Aiello Calabro,1406.0
San Giorgio Scarampi,94.0
Monteiasi,5334.0
Montemesola,3558.0
Rubano,16856.0
Lendinara,11438.0
Viarigi,851.0
Vigliano d'Asti,815.0
Rapone,865.0
Fragagnano,4950.0
Ginosa,21820.0
Amendolara,2719.0
Aprigliano,2366.0
Serole,101.0
Sessame,241.0
Statte,12917.0
Torricella,4140.0
Aieta,753.0
Tigliole,1709.0
Settime,547.0
Soglio,139.0
Verretto,369.0
Martina Franca,46900.0
Maruggio,5250.0
Sant'Arcangelo,6021.0
Altilia,677.0
Altomonte,4019.0
Sarconi,1399.0
Sasso di Castalda,733.0
Albi,790.0
San Martino Alfieri,677.0
San Marzano Oliveto,998.0
Viale,242.0
Senise,6529.0
Spinoso,1314.0
Acquaformosa,988.0
Acquappesa,1737.0
Polesella,3621.0
Loreo,3255.0
Rosolina,6189.0
Pulsano,11141.0
Belvedere Marittimo,8905.0
Bianchi,1183.0
Badia Tedalda,970.0
Bibbiena,11833.0
Monteparano,2309.0
Mottola,15310.0
Bisignano,9501.0
Urbana,2016.0
Bagnoli di Sopra,3396.0
Rocca d'Arazzo,926.0
Roccaverano,374.0
Bocchigliero,1047.0
Bonifati,2589.0
Conselve,9957.0
Trebaseleghe,12936.0
Palagianello,7583.0
Palagiano,15785.0
Valfenera,2402.0
Vesime,601.0
San Martino d'Agri,657.0
San Paolo Albanese,209.0
Villa San Secondo,368.0
Villafranca d'Asti,2932.0
Carolei,3119.0
Capolona,5209.0
Caprese Michelangelo,1341.0
Celico,2512.0
Cellara,485.0
Arzergrande,4788.0
Villanova d'Asti,5487.0
Vinchio,546.0
Buonvicino,1999.0
Calopezzati,1272.0
Tonco,743.0
Vaglio Serra,266.0
Livinallongo del Col di Lana,1239.0
Satriano di Lucania,2273.0
Savoia di Lucania,1008.0
Caloveto,1107.0
Campana,1462.0
Foiano della Chiana,9019.0
Loro Ciuffenna,5869.0
Roccaforzata,1762.0
San Giorgio Ionico,14231.0
Chiavenna,7236.0
Chiusi della Verna,1890.0
Civitella in Val di Chiana,8748.0
Papozze,1358.0
Lusia,3309.0
Teana,523.0
Cortona,21133.0
Tolve,2952.0
Rosate,5728.0
Moscazzano,709.0
Cetraro,9391.0
Civita,788.0
Chitignano,852.0
Cassano all'Ionio,16507.0
Castiglione Cosentino,2674.0
Cella Dati,494.0
Bucine,9929.0
Cervicati,783.0
Cerzeto,1199.0
Tambre,1297.0
Auronzo di Cadore,3063.0
Sartirana Lomellina,1468.0
Morbegno,12230.0
Canna,630.0
Cariati,7478.0
Cerchiara di Calabria,2178.0
Cerisano,2911.0
Solbiate Olona,5372.0
Nosate,645.0
Ozzero,1391.0
Rivanazzano Terme,5094.0
Valdidentro,4168.0
San Martino di Venezze,3729.0
San Giorgio delle Pertiche,10083.0
Lucignano,3383.0
Calvignasco,1211.0
Colle Brianza,1766.0
Carenno,1381.0
Amantea,13850.0
Margno,389.0
Scafati,48045.0
Ripalta Guerina,551.0
Pieve San Giacomo,1592.0
Terranova di Pollino,1018.0
Tito,7095.0
Castiglion Fiorentino,12918.0
Cavriglia,9414.0
Castel Focognano,2963.0
Castrolibero,9212.0
Castroregio,234.0
Capergnanica,2146.0
Pozzo d'Adda,6550.0
Cassina de' Pecchi,13948.0
Dorio,321.0
Colosimi,1122.0
Cropalati,1005.0
Dipignano,4067.0
Domanico,922.0
Sondalo,3911.0
Fonzaso,3012.0
Sestino,1201.0
Comelico Superiore,2080.0
Domegge di Cadore,2234.0
Montevarchi,24081.0
Cleto,1181.0
Baone,3058.0
Granze,1917.0
Pogliano Milanese,8400.0
Martignana di Po,1976.0
Luino,14128.0
Gerola Alta,165.0
Ailoche,307.0
Marciano della Chiana,3431.0
Monte San Savino,8550.0
Castel San Niccolò,2487.0
Castiglion Fibocchi,2093.0
Montemignaio,517.0
Monterchi,1694.0
Crandola Valsassina,267.0
Casargo,826.0
Castrovillari,20821.0
Sovramonte,1296.0
Cazzago Brabbia,789.0
Saccolongo,4925.0
Villafranca Padovana,10503.0
Cassinetta di Lugagnano,1912.0
Veroli,19602.0
Alezio,5629.0
Alliste,6481.0
San Daniele Po,1253.0
Ortignano Raggiolo,836.0
Pieve Santo Stefano,2965.0
Poppi,5823.0
Castelbaldo,1420.0
Andrano,4609.0
Cappella de’ Picenardi,422.0
Casatenovo,13233.0
Calimera,66777.0
Campi Salentina,9885.0
Fagnano Castello,3393.0
Francavilla Marittima,2773.0
Frascineto,1882.0
Subbiano,6281.0
Talla,984.0
Gavirate,9136.0
Vodo di Cadore,823.0
Buguggiate,3084.0
Cassano Magnago,21408.0
La Valle Agordina,1046.0
Cortenova,1143.0
Novate Mezzola,1903.0
Azzate,4608.0
Teolo,8865.0
Mestrino,11728.0
San Giovanni Valdarno,16571.0
Sansepolcro,15125.0
Terranuova Bracciolini,11959.0
Alessano,6080.0
Aradeo,8847.0
Arnesano,3926.0
Santa Maria Hoè,2115.0
Castelvisconti,295.0
Soverzene,368.0
Casaletto Ceredano,1154.0
Cingia de' Botti,1113.0
Castelleone,9228.0
Solarolo Rainerio,899.0
Bema,116.0
Brunello,940.0
Montegrotto Terme,11391.0
Rivarolo del Re ed Uniti,1816.0
Civate,3685.0
Guardia Piemontese,1780.0
Lago,2262.0
Motta Baluffi,786.0
Pregnana Milanese,7274.0
Ello,1191.0
Lozzo Atestino,3013.0
Falconara Albanese,1459.0
Figline Vegliaturo,1124.0
Crosia,9675.0
Diamante,5040.0
Grantorto,4502.0
San Giorgio in Bosco,6377.0
Sappada,1314.0
Vigodarzere,13143.0
Porto Viro,13731.0
Cervarese Santa Croce,5603.0
Curtarolo,7122.0
Agna,3157.0
San Pietro in Gu,4198.0
Broni,9635.0
Derovere,285.0
Valle Lomellina,2082.0
Campodoro,2607.0
Nova Milanese,23027.0
Longarone,5022.0
Quintano,907.0
Barzanò,4994.0
Fuscaldo,7788.0
Grisolia,2208.0
Casaletto Vaprio,1768.0
Torricella del Pizzo,554.0
Tradate,18835.0
Lappano,860.0
Lattarico,3728.0
Bagnolo del Salento,1767.0
Botrugno,2613.0
Limena,8158.0
Veggiano,4817.0
Malito,729.0
Malvito,1604.0
Mandatoriccio,2453.0
Mangone,1896.0
Canale d'Agordo,1050.0
Redavalle,1046.0
Prata Camportaccio,2908.0
Rocca Pietore,1149.0
Boffalora sopra Ticino,4107.0
Rovolon,4913.0
Galzignano Terme,4288.0
Vergiate,8641.0
Castana,723.0
Caspoggio,1346.0
Varano Borghi,2469.0
Menconico,350.0
Roncaro,1561.0
Campo San Martino,5605.0
Marzi,954.0
Mendicino,9074.0
Oggiona con Santo Stefano,4331.0
Piateda,2039.0
Palestro,1784.0
Correzzana,3157.0
Travedona Monate,3923.0
Alagna,804.0
Renate,3967.0
Laino Borgo,1705.0
Laino Castello,767.0
Marcignago,2413.0
Rocca Susella,224.0
Piazzola sul Brenta,11079.0
Cinto Euganeo,1906.0
Tombolo,8132.0
Bosaro,1427.0
Induno Olona,10245.0
Ispra,5326.0
Firmo,1834.0
Fiumefreddo Bruzio,2839.0
Gudo Visconti,1623.0
Barcellona Pozzo di Gotto,39885.0
Melara,1675.0
Guarda Veneta,1103.0
Sant'Angelo di Piove di Sacco,7324.0
Lesmo,8405.0
Costa de' Nobili,376.0
Portalbera,1444.0
Castiglione Olona,7512.0
Cerro Maggiore,14884.0
Bussero,8359.0
Cremella,1680.0
Carpiano,4126.0
Origgio,8001.0
Siziano,6535.0
Mottafollone,1069.0
Nocara,319.0
Giacciano con Baruchella,2027.0
Bergantino,2394.0
Grimaldi,1522.0
Castelmassa,3988.0
Calto,662.0
Piacenza d'Adige,1229.0
Limana,5355.0
Cura Carpignano,4967.0
Luzzi,8772.0
Maierà,1118.0
Caronno Varesino,4784.0
Sedico,10116.0
Orsomarso,1118.0
Paludi,968.0
Praia a Mare,6364.0
Rende,36434.0
Papasidero,630.0
Panettieri,311.0
Paola,14709.0
Villanova Marchesana,872.0
Due Carrare,9003.0
Giussago,5295.0
Cava Manara,6643.0
Lungro,2190.0
Valdisotto,3577.0
Venegono Inferiore,5959.0
Nerviano,16864.0
Dolzago,2545.0
Mongrassano,1467.0
Arcore,17825.0
Pinarolo Po,1690.0
Gravellona Lomellina,2710.0
Rogolo,573.0
Romagnese,569.0
Vellezzo Bellini,3394.0
Pietrapaola,1002.0
Plataci,660.0
Vidigulfo,6704.0
Confienza,1543.0
Ornago,5290.0
Rovescala,809.0
Albaredo per San Marco,296.0
Albizzate,5155.0
Castello di Brianza,2593.0
Costa Masnaga,4752.0
Vo',3264.0
Bagnolo di Po,1234.0
Chiesa in Valmalenco,2314.0
Civo,1104.0
Longobardi,2512.0
Longobucco,2614.0
Villamarzana,1116.0
Ponte San Nicolò,13191.0
San Gregorio nelle Alpi,1563.0
Desio,41463.0
Marano Marchesato,3330.0
Marano Principato,3042.0
Ponte nelle Alpi,7901.0
Selvazzano Dentro,22832.0
Vigonza,23072.0
Maserà di Padova,9126.0
Gazzo,4290.0
Morano Calabro,3882.0
Mormanno,2631.0
Lorenzago di Cadore,568.0
Pedivigliano,737.0
Piane Crati,1367.0
Robecchetto con Induno,4770.0
Vizzolo Predabissi,3877.0
Liscate,4066.0
Tribiano,3717.0
Parlasco,136.0
Dumenza,1440.0
Cittiglio,3799.0
Poggiridenti,1793.0
Pincara,1089.0
Calalzo di Cadore,1841.0
Santa Giustina,6615.0
Barbianello,867.0
Aprica,1464.0
Casorate Primo,8844.0
Semiana,196.0
Rescaldina,14204.0
Bolgare,6606.0
Boltiere,6244.0
Pieve del Cairo,1745.0
Taibon Agordino,1726.0
Salara,1040.0
Trecenta,2523.0
Arre,2091.0
San Vito di Cadore,1938.0
San Pietro di Cadore,1495.0
Arsiè,2192.0
Sommo,1141.0
Limbiate,34790.0
Montalto Uffugo,20095.0
Montegiordano,1566.0
Occhiobello,12016.0
Gaiba,945.0
Varzi,3008.0
Santa Giuletta,1556.0
Borgo di Terzo,1194.0
Ficarolo,2147.0
Rocca Imperiale,3204.0
Pessano con Bornago,8889.0
Pagnona,320.0
Brembate,8557.0
Brembate di Sopra,7927.0
Parenti,2013.0
Paterno Calabro,1351.0
Ternate,2474.0
Motta Visconti,8126.0
Primaluna,2259.0
Romanengo,3218.0
Robecco sul Naviglio,6776.0
Monte Marenzo,1834.0
San Martino Siccomario,6276.0
San Genesio ed Uniti,4005.0
Santa Maria della Versa,2232.0
Stradella,11425.0
Monselice,17220.0
Abano Terme,20231.0
Ossona,4300.0
Masate,3779.0
Galliavola,164.0
Montagnana,8937.0
Bonate Sopra,10356.0
Bonate Sotto,6650.0
Zinasco,3055.0
San Nicolò di Comelico,389.0
Pietrafitta,1156.0
Bracca,723.0
Branzi,644.0
Albignasego,26890.0
Stienta,3097.0
Carnate,7676.0
Campodarsego,15072.0
Arquà Petrarca,1810.0
Cosio Valtellino,5515.0
Ceriano Laghetto,6656.0
Rancio Valcuvia,940.0
Brumano,124.0
Brusaporto,5651.0
Brignano Gera d'Adda,6091.0
Cecima,247.0
Borgoratto Mormorolo,395.0
Badia Polesine,10068.0
Terrassa Padovana,2675.0
Malnate,16378.0
Pieve di Cadore,3650.0
Montodine,2449.0
Malgrate,4204.0
Adria,18643.0
Bossico,966.0
Bottanuco,5097.0
Viggiù,5147.0
Mede,6131.0
Lazzate,7673.0
Cassolnovo,6773.0
Filighera,824.0
Cino,343.0
Samolaco,2875.0
Bormio,3893.0
Este,15975.0
Piombino Dese,9397.0
Vescovana,1715.0
Canda,830.0
Rodano,4631.0
Perledo,848.0
Annicco,1974.0
Castelvetro di Modena,11101.0
Cavezzo,7051.0
Campogalliano,8504.0
Bastiglia,4185.0
Bomporto,10167.0
Bovolenta,3440.0
Cadoneghe,15801.0
Concordia sulla Secchia,8227.0
Fanano,2943.0
Finale Emilia,14951.0
Inveruno,8436.0
Busto Garolfo,14003.0
Montù Beccaria,1607.0
Camposanto,3296.0
Carpi,71869.0
Roncello,4779.0
Agrate Brianza,15547.0
Ferrera di Varese,686.0
Belgioioso,6386.0
Villanterio,3337.0
Verrua Po,1185.0
Ottobiano,1071.0
Brusimpiano,1177.0
Molteno,3525.0
Oggiono,9063.0
Sant'Alessio con Vialone,1028.0
Mantello,742.0
Besana in Brianza,15394.0
Spessa,544.0
Massanzago,6036.0
Galliera Veneta,7061.0
Solesino,6737.0
Ponte Nizza,762.0
Montescano,417.0
Carugate,15726.0
Casalromano,1497.0
Codevigo,6304.0
Castelnovo Bariano,2595.0
Ceneselli,1539.0
Santa Giustina in Colle,7115.0
Fiesso Umbertiano,3856.0
Villa del Conte,5592.0
Pescate,2144.0
Settala,7339.0
Fiorano Modenese,16850.0
Fiumalbo,1175.0
Frassinoro,1731.0
Guiglia,4096.0
Maranello,17307.0
Marano sul Panaro,5291.0
Pontelongo,3640.0
Anguillara Veneta,4124.0
Formigine,34467.0
Castelfranco Emilia,33054.0
Castelnuovo Rangone,14971.0
Tresivio,2023.0
Lavena Ponte Tresa,5603.0
Vercurago,2733.0
Robbiate,6261.0
Bellinzago Lombardo,3822.0
Missaglia,8824.0
Pandino,8856.0
Suardi,574.0
Travacò Siccomario,4434.0
Medolla,6438.0
Mirandola,24085.0
Corte de’ Cortesi con Cignone,1055.0
Azzanello,616.0
Sirtori,2794.0
Parabiago,27976.0
Mariana Mantovana,828.0
Costa di Rovigo,2460.0
Legnaro,9458.0
Lama Mocogno,2634.0
Buscate,4588.0
Gonzaga,8696.0
Miradolo Terme,3736.0
Pieve Porto Morone,2561.0
Roma,2748109.0
Morazzone,4288.0
Grosio,4338.0
Muggiò,23464.0
Cortina d'Ampezzo,5546.0
Macherio,7514.0
Malagnino,1740.0
Quistello,5280.0
San Donato Milanese,32014.0
Motteggiana,2415.0
Ripalta Cremasca,3433.0
Premana,2171.0
Casorezzo,5549.0
Magenta,24178.0
Arsago Seprio,4757.0
Camposampiero,11817.0
Nonantola,16106.0
Magnago,9391.0
Dairago,6412.0
Carmignano di Brenta,7383.0
Battaglia Terme,3766.0
Vaprio d'Adda,9506.0
Polinago,1583.0
Offanengo,5954.0
Montecreto,930.0
Pavullo nel Frignano,18103.0
Pievepelago,2151.0
Cornaredo,20678.0
Albiate,6665.0
Aicurzio,2079.0
Persico Dosimo,3256.0
Leggiuno,3547.0
Villasanta,14131.0
Padova,206496.0
Ostiglia,6628.0
Volta Mantovana,7220.0
Dubino,3782.0
Prignano sulla Secchia,3795.0
Ravarino,6255.0
Casalmaggiore,14974.0
Casaloldo,2578.0
Gaggiano,9272.0
Truccazzano,5808.0
Savignano sul Panaro,9563.0
Cassano d'Adda,19263.0
Rivolta d'Adda,8199.0
Pizzighettone,6259.0
Somma Lombardo,17767.0
Casteggio,6417.0
Lissone,46394.0
Canegrate,12491.0
Casalmoro,2194.0
Piaggine,1154.0
Modena,184153.0
Torino,841600.0
Novi di Modena,10072.0
Palagano,2051.0
Dovera,3735.0
Porto Mantovano,16614.0
Pasturo,1959.0
Ricengo,1730.0
Riolunato,665.0
San Cesario sul Panaro,6601.0
Orvieto,19461.0
San Potito Ultra,1477.0
San Sossio Baronia,1490.0
San Possidonio,3483.0
San Prospero,6072.0
San Nicola Baronia,762.0
Montefiorino,2086.0
Montese,3251.0
Bergamo,119534.0
Pollica,2153.0
Mezzanino,1323.0
Uboldo,10816.0
Milano,1354196.0
Montebello della Battaglia,1440.0
Sumirago,5985.0
Santa Paolina,1157.0
Santo Stefano del Sole,2055.0
Serramazzoni,8645.0
Sestola,2410.0
Postiglione,2000.0
Praiano,1982.0
Sant'Angelo dei Lombardi,3832.0
Santa Lucia di Serino,1383.0
Castiglione d'Adda,4483.0
Montanaso Lombardo,2239.0
Spilamberto,12825.0
Vignola,25814.0
Giffone,1608.0
Canaro,2571.0
Tribano,4195.0
Oliveto Lario,1199.0
Torre de’ Picenardi,2119.0
Trieste,198417.0
Zocca,4628.0
Calcinate,6124.0
Pozzaglio ed Uniti,1428.0
Sueglio,143.0
Sant'Angelo Lodigiano,13331.0
Cosoleto,756.0
Robecco d'Oglio,2239.0
Villimpenta,2108.0
Soliera,15453.0
Scampitella,1036.0
Senerchia,733.0
Pontecagnano Faiano,26078.0
Positano,3729.0
Cittanova,9769.0
Condofuri,4604.0
San Felice sul Panaro,10697.0
Delianuova,3092.0
Feroleto della Chiesa,1515.0
Ferruzzano,758.0
Fiumara,845.0
Sant'Andrea di Conza,1406.0
Sant'Angelo a Scala,703.0
Savignano Irpino,1004.0
Ricigliano,1054.0
Reggiolo,9161.0
Salerno,127186.0
Calcio,5411.0
Sturno,2752.0
Summonte,1518.0
Venezia,250369.0
Roccapiemonte,8706.0
Calusco d'Adda,8238.0
Calvenzano,4317.0
Morimondo,1007.0
Pisciotta,2428.0
Polla,5102.0
Cagliari,146692.0
Rofrano,1276.0
Romagnano al Monte,377.0
Torella dei Lombardi,1952.0
Torre Le Nocelle,1201.0
Busto Arsizio,82951.0
Como,83184.0
Pieve d'Olmi,1236.0
Marcallo con Casone,6222.0
Solofra,12053.0
Sant'Angelo all'Esca,730.0
Roseto degli Abruzzi,25501.0
Taurano,1487.0
Roccadaspide,6932.0
Roccagloriosa,1555.0
San Mango Piemonte,2598.0
Feltre,20369.0
Prignano Cilento,1103.0
Ravello,2390.0
Serino,6695.0
Sirignano,2840.0
Torrioni,460.0
Salvitelle,484.0
San Cipriano Picentino,6529.0
Galatro,1418.0
Gerace,2353.0
Caserta,72805.0
San Giovanni a Piro,3599.0
San Gregorio Magno,3954.0
Carobbio degli Angeli,4828.0
Grotteria,2845.0
Laganadi,342.0
Bologna,387971.0
Genova,558745.0
Carona,285.0
Camerata Cornello,558.0
Canonica d'Adda,4217.0
Gioia Tauro,19179.0
Gioiosa Ionica,6862.0
Catania,311584.0
Laureana di Borrello,4660.0
Locri,11834.0
Mammola,2448.0
Firenze,360930.0
Sorbo Serpico,530.0
Sperone,3625.0
Capizzone,1211.0
Capriate San Gervasio,8144.0
Roscigno,625.0
Rutino,768.0
Sassano,4643.0
Scala,1496.0
Napoli,913462.0
Marina di Gioiosa Ionica,6271.0
Maropati,1356.0
Sant'Angelo a Fasanella,500.0
Rizziconi,7636.0
Roccaforte del Greco,340.0
Polistena,9908.0
Venticano,2274.0
Salento,1770.0
Melicuccà,832.0
Sacco,439.0
Sala Consilina,12237.0
Palermo,630167.0
San Marzano sul Sarno,10244.0
San Mauro Cilento,840.0
Cassiglio,110.0
Castel Rozzone,2787.0
Parma,196764.0
Caprino Bergamasco,3035.0
Caravaggio,16438.0
Urbino,13734.0
San Rufo,1608.0
San Valentino Torio,10814.0
Taurasi,2161.0
Teora,1447.0
Martone,494.0
Melicucco,4847.0
Verona,255588.0
San Mauro La Bruca,543.0
San Pietro al Tanagro,1641.0
Carvico,4651.0
Casazza,3767.0
Sarno,30559.0
Volturara Irpina,2963.0
Zungoli,942.0
San Ferdinando,4269.0
Castelli Calepio,10295.0
Cavernago,2820.0
Cazzano Sant'Andrea,1656.0
Roccella Ionica,6139.0
Roghudi,952.0
Cenate Sopra,2510.0
Cenate Sotto,3915.0
Vallata,2512.0
Vallesaccarda,1241.0
Motta San Giovanni,5574.0
Oppido Mamertina,4780.0
Castione della Presolana,3313.0
Castro,2365.0
Pescara,118657.0
Trevico,842.0
Tufo,772.0
Melito di Porto Salvo,10432.0
Molochio,2223.0
Sant'Arsenio,2655.0
Sant'Egidio del Monte Albino,8785.0
Cerete,1614.0
Chignolo d'Isola,3352.0
Casirate d'Adda,4055.0
Casnigo,3049.0
Cene,4059.0
Serre,3673.0
Sessa Cilento,1159.0
Chioggia,47559.0
Pazzano,500.0
Santa Marina,3228.0
Santomenna,401.0
San Pietro di Caridà,989.0
Serramezzana,269.0
Portigliola,1064.0
Riace,1694.0
Sedini,1245.0
Chiuduno,6105.0
Cisano Bergamasco,6199.0
Palizzi,1926.0
Palmi,17920.0
Udine,97808.0
Clusone,8537.0
Cona,2745.0
Airola,8106.0
Sanza,2376.0
Sapri,6373.0
Monasterace,3303.0
Montebello Jonico,5697.0
Castelpoto,1109.0
Castelvenere,2405.0
Amorosi,2619.0
Apice,5286.0
Siano,9407.0
Sicignano degli Alburni,3053.0
Perugia,161748.0
Baselice,2094.0
Bonea,1382.0
Casalduni,1211.0
Castelfranco in Miscano,794.0
San Procopio,480.0
San Roberto,1518.0
Apollosa,2462.0
Arpaia,1989.0
Arpaise,735.0
Aosta,33093.0
Villamaina,911.0
Villanova del Battista,1472.0
Calvi,2491.0
L'Aquila,69558.0
Rosarno,14369.0
Samo,709.0
Siena,52812.0
Placanica,1011.0
Platì,3724.0
Colere,1107.0
Cologno al Serio,11066.0
Castelvetere in Val Fortore,986.0
Cautano,1928.0
Teggiano,7056.0
Ciserano,5501.0
Cividate al Piano,4987.0
Stella Cilento,682.0
Stio,774.0
Torchiara,1835.0
Torraca,1195.0
Sant'Eufemia d'Aspromonte,3722.0
Sant'Ilario dello Ionio,1340.0
Bucciano,1968.0
Buonalbergo,1525.0
Torre Orsaia,1985.0
Tortorella,482.0
Corna Imagna,916.0
Trento,119359.0
San Giorgio Morgeto,2944.0
San Giovanni di Gerace,412.0
San Lorenzo,2205.0
San Luca,3438.0
Campi Bisenzio,47462.0
Canale,5479.0
Scilla,4513.0
Seminara,2455.0
Ceppaloni,3168.0
Trentinara,1581.0
Valle dell'Angelo,219.0
Colzate,1605.0
Comun Nuovo,4360.0
Santo Stefano in Aspromonte,1039.0
Scido,810.0
Tramonti,4135.0
Capraia e Limite,7870.0
Castelfiorentino,17220.0
Calenzano,18084.0
Tarvisio,3966.0
Canosio,78.0
Cerreto Guidi,10678.0
Certaldo,15515.0
Bra,29523.0
Serrata,794.0
Dugenta,2639.0
Firenzuola,4394.0
Fucecchio,22630.0
Campobasso,47075.0
Campolattaro,971.0
Campoli del Monte Taburno,1531.0
Terranova Sappo Minulio,441.0
Volpara,129.0
Vibonati,3204.0
Vietri sul Mare,7180.0
Vallo della Lucania,7992.0
Valva,1537.0
Cornalba,304.0
Cortenuova,1948.0
Cerreto Sannita,3607.0
Circello,2174.0
Costa Valle Imagna,557.0
Bosia,169.0
Staiti,184.0
Stignano,1159.0
Stilo,2344.0
Taurianova,14830.0
Forchia,1217.0
Castelpagano,1330.0
Barberino di Mugello,10920.0
Borgo San Lorenzo,18102.0
Colle Sannita,2167.0
Cusano Mutri,3763.0
Massimeno,139.0
Busca,10144.0
Camerana,572.0
Foglianise,3120.0
Foiano di Val Fortore,1320.0
Bossolasco,648.0
Boves,9615.0
Ancona,98356.0
Dicomano,5454.0
Briaglia,313.0
Briga Alta,42.0
Vignola-Falesina,189.0
Sagron Mis,182.0
Alatri,27693.0
Bagno a Ripoli,25156.0
Sant'Agata del Bianco,570.0
Sant'Alessio in Aspromonte,304.0
Lastra a Signa,19589.0
Londa,1833.0
Pietraferrazzana,129.0
Fallo,119.0
Melizzano,1699.0
Brondello,261.0
Brossasco,993.0
Caramagna Piemonte,3059.0
Santa Cristina d'Aspromonte,763.0
Durazzano,2102.0
Faicchio,3347.0
Siderno,17601.0
Sinopoli,1856.0
Caprauna,88.0
Caraglio,6747.0
Filadelfia,4967.0
Filandari,1764.0
Impruneta,14379.0
Gambassi Terme,4839.0
Greve in Chianti,13322.0
Mongiana,632.0
Guardia Sanframondi,4558.0
Limatola,4155.0
Fragneto Monforte,1668.0
Fragneto l'Abate,959.0
Bari,315473.0
Roio del Sangro,102.0
Catanzaro,84670.0
Pontassieve,20198.0
Reggello,16485.0
Potenza,64406.0
Cardè,1124.0
Cava de' Tirreni,50539.0
San Severo,49328.0
Pesco Sannita,1840.0
Sanguinetto,4148.0
Pontelandolfo,2014.0
Puglianello,1304.0
Gerocarne,1928.0
Jonadi,4556.0
Fabrizia,1955.0
Acquaro,1843.0
Arena,1275.0
Pannarano,1978.0
Aversa,49612.0
Moiano,4013.0
Molinara,1453.0
Pietraroja,507.0
Pietrelcina,2878.0
Altamura,69880.0
Reino,1103.0
Velezzo Lomellina,92.0
Cessaniti,2979.0
Dasà,1105.0
Aliminusa,1054.0
Fiesole,13659.0
Frasso Telesino,2025.0
Ginestra degli Schiavoni,402.0
Monterosso Calabro,1502.0
Nardodipace,1087.0
Palazzuolo sul Senio,1111.0
Pelago,7788.0
Marradi,2907.0
Varapodio,2004.0
Villa San Giovanni,12752.0
Montaione,3492.0
Montelupo Fiorentino,14187.0
Rocca de' Giorgi,49.0
Villa Biscossi,65.0
Montespertoli,13250.0
Acireale,50515.0
Montefalcone di Val Fortore,1298.0
Montesarchio,12959.0
Nicotera,5859.0
Parghelia,1274.0
Morcone,4515.0
Marano di Valpolicella,3086.0
Pastrengo,3062.0
Paolisi,1965.0
Paupisi,1444.0
Pizzoni,977.0
Polia,825.0
Ponte,2419.0
Calvignano,106.0
Verbania,29945.0
Brognaturo,638.0
Capistrano,977.0
Francica,1590.0
Valledolmo,3174.0
San Cipirello,4961.0
Dinami,1793.0
Drapia,2076.0
Montelapiano,75.0
Paduli,3602.0
Pago Veiano,2269.0
Montebello sul Sangro,81.0
Monteferrante,106.0
Blufi,876.0
Treviso,84607.0
Cerignola,56978.0
Bitonto,53168.0
Ricadi,4972.0
Briatico,3700.0
Joppolo,1635.0
Limbadi,3210.0
San Giorgio del Sannio,9727.0
San Leucio del Sannio,2934.0
Sesto Fiorentino,48742.0
Signa,18874.0
San Bartolomeo in Galdo,4362.0
San Giorgio La Molara,2779.0
Pizzo,8766.0
Maierato,2075.0
Mileto,6335.0
Filogaso,1344.0
Francavilla Angitola,1794.0
Fiumicino,81426.0
Vaglia,5164.0
Manfredonia,53902.0
Molfetta,57329.0
Rufina,7469.0
Villabate,19634.0
Carpignano Salentino,3678.0
Borgo San Giacomo,5412.0
Borgosatollo,9047.0
Rignano sull'Arno,8504.0
Bedizzole,12206.0
Berzo Inferiore,2451.0
Bienno,3767.0
Scandicci,49390.0
Berlingo,2749.0
Berzo Demo,1502.0
Rombiolo,4294.0
Cannole,1631.0
Castelletto Stura,1365.0
Castelletto Uzzone,303.0
Cuneo,55744.0
Vercelli,45206.0
Cartignano,171.0
Casalgrasso,1419.0
Castellinaldo d'Alba,891.0
Castellino Tanaro,267.0
Copertino,23033.0
Corigliano d'Otranto,5653.0
Castagnito,2224.0
Casteldelfino,142.0
Petriolo,1836.0
Carrù,4371.0
Vicchio,8023.0
Vinci,14438.0
Cavallino,12839.0
Collepasso,5607.0
Cavallermaggiore,5262.0
Celle di Macra,88.0
Centallo,6859.0
Ceresole d'Alba,1978.0
Galatina,25885.0
Montecassiano,6822.0
Muccia,808.0
Penna San Giovanni,944.0
Mogliano,4337.0
Monte Cavallo,105.0
Diso,2852.0
Gagliano del Capo,4894.0
Montecosaro,7369.0
Montefano,3311.0
Novara,101257.0
Corsano,5138.0
Pieve Torina,1232.0
Pioraco,965.0
Castrignano de' Greci,3667.0
Castrignano del Capo,5143.0
Cavallerleone,671.0
Matelica,9170.0
Porto Recanati,12356.0
Potenza Picena,15402.0
Cursi,3873.0
Cutrofiano,8721.0
San Casciano in Val di Pesa,16456.0
San Godenzo,1049.0
Montelupone,3359.0
Morrovalle,9816.0
Brescia,196446.0
Caprarica di Lecce,2322.0
Carmiano,11720.0
Cervere,2229.0
Ceva,5695.0
Giuggianello,1141.0
Giurdignano,1946.0
Melpignano,2296.0
Miggiano,3296.0
Galatone,15095.0
Gallipoli,19561.0
Allerona,1688.0
Casarano,19372.0
Castri di Lecce,2789.0
Brione,750.0
Caino,2180.0
Calcinato,12862.0
Castiglione Tinella,760.0
Castino,449.0
Alviano,1365.0
Alessandria,91059.0
Bovegno,2014.0
Bovezzo,7291.0
Chiusa di Pesio,3586.0
Cigliè,184.0
Lequile,8688.0
Leverano,13763.0
Guagnano,5486.0
Monteroni di Lecce,13425.0
Montesano Salentino,2599.0
Braone,691.0
Breno,4639.0
Calvagese della Riviera,3666.0
Calvisano,8369.0
Acquasparta,4407.0
Bione,1302.0
Ripe San Ginesio,804.0
San Ginesio,3089.0
Poggio San Vicino,221.0
Pollenza,6234.0
Lecco,46871.0
Monte San Giusto,7466.0
Monte San Martino,698.0
Castelnuovo di Ceva,106.0
Castiglione Falletto,672.0
Cerretto Langhe,397.0
Cervasca,5159.0
Matino,10993.0
Melendugno,9996.0
Melissano,6771.0
Asti,73421.0
Lizzanello,11840.0
Maglie,13619.0
Castegnato,8341.0
Castel Mella,10894.0
Casto,1607.0
Castrezzato,7579.0
Capriano del Colle,4710.0
Capriolo,9389.0
Capo di Ponte,2317.0
Capovalle,338.0
Borno,2423.0
Botticino,10703.0
Crissolo,152.0
Demonte,1857.0
Castellina in Chianti,2651.0
Cazzago San Martino,10675.0
Castelnuovo Berardenga,8924.0
Castiglione d'Orcia,2144.0
Recanati,20679.0
Cherasco,9465.0
Corneliano d'Alba,2132.0
Cortemilia,2152.0
Asciano,6781.0
Carpenedolo,12945.0
Arrone,2555.0
Monza,121799.0
Lodi,44709.0
Neviano,4954.0
Nociglia,2159.0
Cedegolo,1091.0
Cellatica,4843.0
Novoli,7639.0
Ortelle,2234.0
Cossano Belbo,888.0
Costigliole Saluzzo,3312.0
Otranto,5587.0
Palmariggi,1403.0
Cremona,70637.0
San Cesario di Lecce,7912.0
Cissone,81.0
Clavesana,795.0
Morciano di Leuca,3049.0
Muro Leccese,4765.0
Amelia,11547.0
Cigole,1449.0
Cimbergo,533.0
Vergato,7544.0
Abbadia San Salvatore,5997.0
Minervino di Lecce,3500.0
Dronero,6986.0
Entracque,762.0
Cevo,817.0
Chiari,19164.0
Brandico,1731.0
Castelcovati,6864.0
Castenedolo,11572.0
Gaiole in Chianti,2522.0
Sanarica,1469.0
Sannicola,5702.0
Envie,1936.0
Nardò,30790.0
Martano,8620.0
Martignano,1586.0
Pavia,70636.0
Buonconvento,2979.0
Casole d'Elsa,3715.0
Cetona,2488.0
Chianciano Terme,6907.0
Cividate Camuno,2651.0
Patù,1688.0
Poggiardo,5854.0
Diano d'Alba,3586.0
Dogliani,4603.0
Ruffano,9353.0
Salice Salentino,7838.0
Monteroni d'Arbia,9039.0
Monticiano,1555.0
Cerveno,659.0
Ceto,1772.0
Porto Cesareo,6300.0
Racale,10743.0
Parabita,8741.0
Farigliano,1682.0
Faule,486.0
Santa Cesarea Terme,2847.0
Specchia,4569.0
Spongano,3490.0
Sogliano Cavour,3932.0
Soleto,5236.0
Salve,4485.0
San Cassiano,1963.0
Frassino,253.0
Gaiola,571.0
Mantova,48653.0
Montalcino,5611.0
Montepulciano,13274.0
Attigliano,1949.0
Sondrio,21066.0
Frabosa Soprana,689.0
Frabosa Sottana,1605.0
Squinzano,13482.0
Edolo,4375.0
Erbusco,8746.0
Chiusdino,1751.0
Cravanzana,364.0
Feisoglio,287.0
Fossano,24190.0
San Donato di Lecce,5484.0
San Pietro in Lama,3390.0
Collio,1988.0
Cologne,7581.0
Tricase,17142.0
Castel Viscardo,2689.0
Bolzano,106107.0
Uggiano la Chiesa,4347.0
Argelato,9635.0
Sternatia,2179.0
Supersano,4157.0
Chiusi,8093.0
Colle di Val d'Elsa,21550.0
Monteriggioni,9991.0
Scorrano,6726.0
Seclì,1820.0
Pienza,1976.0
Poggibonsi,28209.0
Veglie,13421.0
Vernole,6774.0
Coccaglio,8749.0
Collebeato,4455.0
Flero,8698.0
Darfo Boario Terme,15598.0
Dello,5605.0
Tiggiano,2753.0
Trepuzzi,14099.0
Radda in Chianti,1449.0
Radicofani,1060.0
Gambasca,343.0
Garessio,2841.0
Genola,2572.0
Varese,78409.0
Aulla,10656.0
Bagnone,1676.0
Murlo,2423.0
Gorzegno,262.0
Gottasecca,128.0
Piancastagnaio,3871.0
Belluno,35529.0
Surano,1542.0
Surbo,14695.0
Avigliano Umbro,2360.0
Baschi,2579.0
Grinzane Cavour,1987.0
Assisi,27605.0
Corte Franca,7139.0
Zollino,1892.0
Rapolano Terme,5072.0
San Casciano dei Bagni,1500.0
Barasso,1640.0
Govone,2245.0
Rovigo,49985.0
Desenzano del Garda,29106.0
Filattiera,2185.0
Taurisano,11345.0
Taviano,11499.0
Comezzano-Cizzago,4080.0
Concesio,15680.0
Calvi dell'Umbria,1688.0
Castel Giorgio,2021.0
Radicondoli,945.0
Levice,200.0
Limone Piemonte,1351.0
Guarene,3551.0
Isasca,69.0
La Morra,2660.0
Igliano,68.0
Sovicille,9853.0
Torrita di Siena,6963.0
Ghedi,18497.0
Gianico,2128.0
Tuglie,5067.0
Ugento,11923.0
Rogliano,5195.0
Lequio Berria,422.0
Lequio Tanaro,743.0
Vicenza,109823.0
Castel Guelfo di Bologna,4496.0
Castel Maggiore,18462.0
Corteno Golgi,1910.0
Corzano,1427.0
Lisio,193.0
Macra,42.0
Ascoli Piceno,45571.0
Cesena,95778.0
Sinalunga,12068.0
Trequanda,1166.0
Anzola dell'Emilia,12377.0
Casola in Lunigiana,947.0
Comano,667.0
Esine,5043.0
Fiesse,1999.0
Camugnano,1818.0
Castel d'Aiano,1895.0
San Gimignano,7480.0
Gambara,4524.0
Gardone Riviera,2626.0
Montignoso,10015.0
Mulazzo,2284.0
Fivizzano,7071.0
Fosdinovo,4574.0
San Cosmo Albanese,584.0
San Demetrio Corone,3059.0
Pordenone,51725.0
San Quirico d'Orcia,2572.0
Sarteano,4467.0
Crotone,58445.0
Gargnano,2680.0
Gavardo,12253.0
Lesegno,788.0
Gardone Val Trompia,11360.0
Licciana Nardi,4709.0
Casalecchio di Reno,35414.0
Casalfiumanese,3333.0
Bastia Umbra,21199.0
Magliano Alpi,2115.0
Magliano Alfieri,2139.0
Pontremoli,6891.0
Tresana,1951.0
Gorizia,33506.0
Rose,4133.0
Roseto Capo Spulico,1887.0
Empoli,48844.0
Idro,1880.0
Incudine,344.0
Saluzzo,17470.0
Sambuco,87.0
Lagnasco,1370.0
San Martino di Finita,969.0
San Nicola Arcella,1957.0
Gottolengo,4969.0
Gussago,16517.0
San Donato di Ninea,1101.0
Irma,132.0
San Pietro in Amantea,485.0
San Pietro in Guarano,3372.0
Cittadella,20023.0
Fratta Todina,1857.0
Podenzana,2094.0
Fossato di Vico,2639.0
Salmour,709.0
San Fili,2488.0
San Giorgio Albanese,1311.0
Rota Greca,958.0
Rovito,2987.0
Baricella,7068.0
Santa Caterina Albanese,1127.0
San Sosti,1882.0
San Vincenzo La Costa,1984.0
Lodrino,1615.0
Lograto,3784.0
Budrio,18226.0
Calderara di Reno,13502.0
Rossana,826.0
Ruffia,354.0
Mango,1253.0
Roggiano Gravina,6745.0
Santo Stefano Roero,1331.0
Savigliano,21609.0
Sanfront,2273.0
Monte Castello di Vibio,1429.0
San Giovanni in Fiore,15906.0
San Lorenzo Bellizzi,538.0
Iseo,8964.0
Isorella,4054.0
Lavenone,486.0
Leno,14338.0
Castel del Rio,1200.0
Castel di Casio,3305.0
Gualdo Tadino,14281.0
Gubbio,30479.0
San Basile,931.0
San Benedetto Ullano,1370.0
Giano dell'Umbria,3648.0
Gualdo Cattaneo,5609.0
Saracena,3387.0
Scala Coeli,806.0
San Lorenzo del Vallo,3100.0
San Lucido,6429.0
Lisciano Niccone,601.0
Magione,14620.0
Santa Domenica Talao,1122.0
Santa Maria del Cedro,5002.0
Livorno,152914.0
Bentivoglio,5704.0
Borgo Tossignano,3198.0
Cassola,15125.0
Buttapietra,6959.0
Villafranca in Lunigiana,4550.0
San Marco Argentano,6923.0
Sale delle Langhe,467.0
Foligno,55226.0
Santa Sofia d'Epiro,2163.0
Santo Stefano di Rogliano,1723.0
Grosseto,81321.0
Lonato del Garda,16911.0
Longhena,549.0
Losine,624.0
Sale San Giovanni,149.0
Spezzano della Sila,4218.0
Tarsia,1822.0
Monte Santa Maria Tiberina,1085.0
Montefalco,5357.0
Sampeyre,998.0
San Benedetto Belbo,151.0
Castiglione dei Pepoli,5431.0
Crevalcore,13706.0
San Damiano Macra,411.0
San Michele Mondovì,1803.0
Lumezzane,21424.0
Maclodio,1484.0
Vaccarizzo Albanese,992.0
Verbicaro,2631.0
Castellammare di Stabia,62772.0
Reggio Calabria,170951.0
Lozio,352.0
Santa Vittoria d'Alba,2876.0
Santo Stefano Belbo,3797.0
Galliera,5595.0
Brenzone sul Garda,2451.0
Torano Castello,4342.0
Tortora,6009.0
Dozza,6582.0
Sangineto,1243.0
Sant'Agata di Esaro,1684.0
Sanfrè,3036.0
Zeri,939.0
Rodello,977.0
Massa Martana,3613.0
Saliceto,1162.0
Castello d'Argile,6641.0
Castenaso,16145.0
Scagnello,173.0
Sant'Albano Stura,2371.0
Monteleone di Spoleto,555.0
Magasa,106.0
Mairano,3508.0
Malegno,1923.0
Trebisacce,8577.0
Scalea,11246.0
Sommariva Perno,2694.0
Panicale,5281.0
Somano,302.0
Limone sul Garda,1130.0
Martellago,21108.0
Bussolengo,20684.0
Montone,1580.0
Lizzano in Belvedere,2152.0
Loiano,4416.0
Castel San Pietro Terme,20737.0
Marmentino,658.0
Fontanelice,1913.0
Gaggio Montano,4801.0
Cirò Marina,14030.0
Cotronei,5252.0
Musile di Piave,11372.0
Terranova da Sibari,4564.0
Terravecchia,580.0
Serra d'Aiello,528.0
Spezzano Albanese,6581.0
Marsciano,18010.0
Marone,3101.0
Mazzano,12635.0
Belvedere di Spinello,1915.0
Caccuri,1538.0
Cerenzia,1015.0
Cirò,2499.0
Nocera Umbra,5511.0
Scarnafigi,2106.0
Norcia,4544.0
Fonte,5992.0
Vidor,3703.0
Sandrigo,8271.0
Susegana,11792.0
Villapiana,5457.0
Zumpano,2634.0
Sona,17537.0
Sorgà,2924.0
Sommariva del Bosco,6292.0
Passignano sul Trasimeno,5714.0
Milzano,1743.0
Moniga del Garda,2614.0
Paciano,957.0
Sinio,468.0
Castelnuovo del Garda,13184.0
San Pietro di Feletto,5134.0
Garda,4143.0
Serralunga d'Alba,527.0
Serravalle Langhe,316.0
Quarto d'Altino,8019.0
Venasca,1335.0
Sellano,972.0
Camponogara,12942.0
Torresina,49.0
Pietralunga,1984.0
Trinità,2235.0
Carfizzi,519.0
Casabona,2312.0
Creazzo,11160.0
Caltrano,2497.0
Cannobio,5003.0
Sant'Anatolia di Narco,500.0
Valdieri,907.0
Monticelli Brusati,4591.0
Castelsilano,893.0
Malonno,3003.0
Manerba del Garda,5377.0
Stroppo,101.0
Manerbio,13319.0
Marcheno,4150.0
Valgrana,809.0
Valloriate,96.0
Piegaro,3395.0
Granarolo dell'Emilia,12757.0
Grizzana Morandi,3887.0
Isola di Capo Rizzuto,17409.0
Cossogno,694.0
Scheggino,446.0
Sarmede,2974.0
Gorgo al Monticano,3925.0
Fregona,2768.0
San Donà di Piave,41535.0
Vittorio Veneto,27078.0
Rocca di Neto,5318.0
Roccabernarda,3133.0
Pallagorio,981.0
Petilia Policastro,8614.0
Verduno,567.0
Vernante,1100.0
Villafranca di Verona,32997.0
Caprezzo,174.0
Casale Corte Cerro,3358.0
Montorfano,2511.0
Grandola ed Uniti,1291.0
Ronco all'Adige,5982.0
Fenegrò,3246.0
Merone,4086.0
Craveggia,787.0
Crevoladossola,4505.0
Volpago del Montello,10033.0
Bosco Chiesanuova,3544.0
Pigra,238.0
Veleso,208.0
Montebelluna,31095.0
Campagna Lupia,7118.0
Altissimo,2133.0
Rotzo,642.0
Montichiari,26116.0
Montirone,5061.0
Rovellasca,7959.0
Farra di Soligo,8477.0
Riese Pio X,10924.0
Marano Vicentino,9285.0
Ceppo Morelli,301.0
Cesara,568.0
Posina,568.0
Longone al Segrino,1942.0
Pusiano,1313.0
Roana,4154.0
Gallio,2345.0
Savelli,1046.0
Scandale,2864.0
Schiavon,2611.0
Melissa,3246.0
Mesoraca,5814.0
Mirano,27091.0
Campolongo Maggiore,10716.0
Monno,512.0
Monte Isola,1804.0
Druogno,1058.0
Crodo,1442.0
Domodossola,17709.0
Poggiodomo,92.0
Verzuolo,6376.0
Sigillo,2335.0
San Mauro Marchesato,1914.0
Preci,681.0
Treiso,769.0
Torre Mondovì,515.0
Torre San Giorgio,719.0
Tarantasca,2185.0
Torre Bormida,168.0
Cambiasca,1586.0
Cannero Riviera,909.0
San Nicola dell'Alto,707.0
Santa Severina,1906.0
Strongoli,6137.0
Umbriatico,741.0
Vicoforte,3174.0
Spello,8264.0
Fontanelle,5662.0
Albettone,1964.0
Sala Comacina,482.0
Domaso,1448.0
Vezza d'Alba,2341.0
Crucoli,2762.0
Cutro,9385.0
Gignese,1061.0
Gravellona Toce,7538.0
San Giustino,11060.0
Trezzo Tinella,294.0
Verzino,1586.0
Villafalletto,2877.0
Spoleto,36271.0
Cusino,230.0
Dongo,3194.0
Viola,371.0
Massiola,114.0
Villar San Costanzo,1549.0
Vinadio,585.0
Africo,2733.0
Agnana Calabra,467.0
Germagno,187.0
Ghiffa,2257.0
Anoia,2036.0
Antonimina,1178.0
Todi,15682.0
Nonio,834.0
Oggebbio,849.0
Formazza,446.0
Novedrate,2900.0
Villanova Mondovì,5845.0
Torgiano,6583.0
Zanè,6603.0
Roverchiara,2558.0
Loreglia,212.0
Macugnaga,514.0
Madonna del Sasso,356.0
Dosso del Liro,238.0
Eupilio,2562.0
Umbertide,16298.0
Arcugnano,7674.0
Altavilla Vicentina,11868.0
Salcedo,1011.0
Sarcedo,5299.0
Mergozzo,2148.0
Miazzina,364.0
Villanova Solaro,752.0
Sossano,4134.0
Laghi,125.0
Bova Marina,4129.0
Valtopina,1280.0
Agrate Conturbia,1544.0
Trezzone,236.0
Valbrona,2600.0
Inverigo,9218.0
Palù,1174.0
Bagnara Calabra,9279.0
Malesco,1374.0
Masera,1485.0
Negrar di Valpolicella,16573.0
Benestare,2454.0
Bianco,4211.0
Sarego,3779.0
Sovizzo,7422.0
Ornavasso,3323.0
Pallanzeno,1096.0
Gurro,187.0
Intragna,98.0
Montecrestese,1275.0
Montescheno,377.0
Santorso,5574.0
Villaga,1890.0
Bardolino,6919.0
Villaverla,6034.0
Valfabbrica,3205.0
Vallo di Nera,345.0
Omegna,14294.0
Cervignano d’Adda,2206.0
Bellinzago Novarese,9407.0
Mulazzano,5784.0
Pressana,2474.0
Guanzate,5732.0
Vottignasco,491.0
Tuoro sul Trasimeno,3728.0
Vignolo,2680.0
Ticengo,420.0
Ardore,4819.0
Bagaladi,953.0
Lazise,6852.0
Ameno,852.0
Roveredo di Guà,1638.0
San Giovanni Lupatoto,25341.0
Armeno,2078.0
Arona,13694.0
Trevenzuolo,2752.0
Casignana,687.0
Caulonia,6783.0
Camini,733.0
Campo Calabro,4443.0
Ciminà,525.0
Cinquefrondi,6223.0
Trezzano Rosa,5373.0
Cusago,4559.0
Noale,16131.0
Zimella,4855.0
Vanzone con San Carlo,388.0
Varzo,1963.0
Valstrona,1162.0
Mozzate,8749.0
Pianezze,2169.0
Malo,14654.0
Toceno,724.0
Trarego Viggiona,391.0
Silea,10343.0
Torri di Quartesolo,11680.0
Solaro,13854.0
Bulciago,2911.0
Villanova del Sillaro,1838.0
Ponti sul Mincio,2295.0
Poggio Rusco,6404.0
Quarna Sopra,240.0
Bivongi,1143.0
Bova,416.0
Santa Maria di Sala,17378.0
Veronella,5122.0
Piedimulera,1459.0
Pieve Vergonte,2414.0
Fossò,7077.0
Fiesso d'Artico,8474.0
Lomazzo,9903.0
Peschiera del Garda,10961.0
Bovalino,8644.0
Brancaleone,3248.0
San Bernardino Verbano,1240.0
Santa Maria Maggiore,1287.0
Quarna Sotto,380.0
Re,703.0
San Siro,1672.0
Corte Palasio,1525.0
Montevecchia,2681.0
Stresa,4599.0
Premeno,767.0
Spinea,27694.0
Pianiga,12177.0
Arsiero,3021.0
Enego,1528.0
Casaleone,5554.0
Sernaglia della Battaglia,6051.0
Villa Cortese,6174.0
Monte Cremasco,2235.0
Premia,535.0
Premosello-Chiovenda,1835.0
Nogara,8212.0
Isola Vicentina,10228.0
Bruzzano Zeffirio,1045.0
Calanna,760.0
Maslianico,3154.0
Musso,941.0
Minerbe,4574.0
Roncà,3781.0
Mezzane di Sotto,2551.0
Paese,22004.0
Ospedaletto Lodigiano,1913.0
Asiago,6285.0
Acciano,263.0
Salzano,12799.0
San Vendemiano,9804.0
Eraclea,11970.0
Barengo,715.0
Mozzecane,8107.0
Isola della Scala,11567.0
Salizzole,3743.0
Candidoni,410.0
Canolo,700.0
San Pietro in Cariano,12952.0
San Bonifacio,21418.0
Asola,9892.0
Garbagnate Milanese,26793.0
Cavarzere,12741.0
Meolo,6192.0
Erbezzo,801.0
Grezzana,10722.0
Caraffa del Bianco,457.0
Ripa Teatina,3923.0
San Buono,861.0
Monticello Brianza,4128.0
San Zenone al Lambro,4429.0
Roveré Veronese,2119.0
Rivoli Veronese,2195.0
Cardeto,1325.0
Careri,2125.0
Castellucchio,5161.0
Abbadia Lariana,3203.0
Salgareda,6545.0
Terranova dei Passerini,935.0
Roverbella,8695.0
Casalpusterlengo,15485.0
Lodi Vecchio,7553.0
Rapino,1171.0
Nogarole Rocca,3829.0
Cavallino-Treporti,13318.0
Roccamontepiano,1560.0
Rocca San Giovanni,2276.0
Abbadia Cerreto,279.0
Calvatone,1159.0
San Martino Buon Albergo,16233.0
Fossalta di Portogruaro,5728.0
Caldogno,11297.0
Gruaro,2724.0
Comazzo,2304.0
Canneto sull'Oglio,4247.0
Villette,274.0
Vogogna,1680.0
San Bartolomeo Val Cavargna,963.0
Segusino,1787.0
Marostica,13940.0
Cologna Veneta,8360.0
Motta di Livenza,10731.0
Agugliaro,1394.0
Cerea,16801.0
Valeggio sul Mincio,15943.0
Soave,7152.0
Erbé,1878.0
San Giovanni Lipioni,137.0
San Giovanni Teatino,14331.0
Malcesine,3603.0
Selva di Progno,904.0
Aielli,1395.0
Rivarolo Mantovano,2378.0
Rodigo,5184.0
Sormano,648.0
Trasquera,179.0
Trontano,1643.0
Roccaspinalveti,1177.0
Rosello,163.0
Monteforte d'Alpone,8932.0
Gaiarine,5862.0
Cavriana,3733.0
Boffalora d’Adda,1724.0
Cornovecchio,193.0
Codogno,15539.0
Oderzo,20016.0
Santa Maria Imbaro,2010.0
Mogliano Veneto,27722.0
Piovene Rocchette,8257.0
Alagna Valsesia,712.0
Mairago,1387.0
Corno Giovine,1132.0
Isola Rizza,3263.0
Roccascalegna,1039.0
San Martino sulla Marrucina,832.0
Oppeano,10279.0
Povegliano Veronese,7333.0
Legnago,25366.0
Bertonico,1069.0
Pegognaga,6858.0
Ossago Lodigiano,1399.0
Pieve Fissiraga,1752.0
Monzambano,4816.0
Quingentole,1031.0
Ceggia,6095.0
Cogollo del Cengio,3115.0
Castelnuovo Bocca d’Adda,1531.0
Torino di Sangro,2885.0
Tornareccio,1650.0
Val Rezzo,169.0
Alfedena,944.0
Schivenoglia,1096.0
Vercana,744.0
Anversa degli Abruzzi,312.0
Albano Vercellese,306.0
Alice Castello,2484.0
Balocco,218.0
Bianzè,1863.0
Bassano del Grappa,42395.0
San Salvo,19688.0
San Vito Chietino,5162.0
Boccioleto,165.0
Borgo Vercelli,2256.0
Viadana,19723.0
Castel d'Ario,4611.0
Sant'Eusanio del Sangro,2265.0
Scerni,2960.0
Sommacampagna,14460.0
Marmirolo,7645.0
Redondesco,1194.0
Casanova Elvo,220.0
Cervatto,48.0
Vigasio,10229.0
Mira,37542.0
Medole,4148.0
Gazoldo degli Ippoliti,3031.0
Torricella Peligna,1118.0
Treglio,1737.0
Vignone,1195.0
Villadossola,6146.0
Piubega,1730.0
Roncoferraro,6826.0
Pescantina,17425.0
Cavaion Veronese,6055.0
Arborio,822.0
Asigliano Vercellese,1362.0
Civiasco,226.0
Collobiano,78.0
Borgosesia,12080.0
Buronzo,858.0
San Giovanni Ilarione,4886.0
Figino Serenza,4912.0
Borgo d'Ale,2207.0
Ateleta,1103.0
Lavagno,8549.0
Thiene,23794.0
Villa Santa Maria,1136.0
San Vito di Leguzzano,3558.0
Santa Lucia di Piave,9143.0
Crocetta del Montello,6027.0
Torrebelvicino,5816.0
Schiavi di Abruzzo,640.0
Taranta Peligna,309.0
San Nazzaro Val Cavargna,276.0
Dueville,13578.0
Andorno Micca,3033.0
Torrebruna,697.0
Torrevecchia Teatina,4212.0
San Giovanni del Dosso,1248.0
Bagnolo San Vito,5880.0
San Giorgio Bigarello,11801.0
Marcaria,6376.0
Commessaggio,1073.0
Brusnengo,1955.0
Callabiana,141.0
Balmuccia,104.0
Tufillo,336.0
Dizzasco,635.0
Laino,540.0
Cornedo Vicentino,11678.0
Terrazzo,2131.0
Cordignano,6883.0
Cerro Veronese,2622.0
Caresanablot,1089.0
Carisio,764.0
Caramanico Terme,1779.0
Carpineto della Nora,536.0
Castelbelforte,3258.0
Tollo,3899.0
Cigliano,4254.0
Borgo San Giovanni,2475.0
Livraga,2459.0
Costanzana,762.0
Cravagliana,256.0
Villalfonsina,895.0
Villamagna,2161.0
Follina,3535.0
Campertogno,218.0
Carcoforo,71.0
Benna,1133.0
Vacri,1518.0
Vasto,40692.0
Ghislarengo,805.0
Greggio,317.0
Magnacavallo,1394.0
Borghetto Lodigiano,4336.0
Candelo,7228.0
Caprile,192.0
Gazzo Veronese,5111.0
Montecchia di Crosara,4206.0
Caresana,1033.0
Brittoli,258.0
San Martino dall'Argine,1585.0
Caselle Lurani,3019.0
Ceresara,2535.0
Guidizzolo,5949.0
San Fiorano,1873.0
Crespiatica,2178.0
Marudo,1764.0
Bussi sul Tirino,2264.0
Cappelle sul Tavo,3987.0
Portogruaro,24314.0
San Pietro di Morubio,3055.0
Valera Fratta,1752.0
Dosolo,3253.0
Pramaggiore,4761.0
Lurago d'Erba,5421.0
Cremeno,1684.0
Casarile,3930.0
Guardabosone,332.0
Abbateggio,359.0
Alanno,3377.0
Lamporo,486.0
Lenta,783.0
Airuno,2835.0
Cormano,20356.0
Cerrione,2763.0
Coggiola,1625.0
Casapinta,379.0
Camandona,309.0
Cossato,13929.0
Crevacuore,1376.0
Casaletto Lodigiano,2963.0
Serravalle a Po,1425.0
Cornegliano Laudense,2839.0
Bioglio,895.0
Borriana,861.0
Annone Veneto,3797.0
Curino,473.0
Città Sant'Angelo,14795.0
Civitaquana,1146.0
Biella,42619.0
Farindola,1348.0
Lettomanoppello,2693.0
Catignano,1227.0
Brembio,2690.0
Crescentino,7681.0
Crova,350.0
Desana,1085.0
Castelletto Cervo,775.0
Cavaglià,3497.0
Lignana,538.0
Livorno Ferraris,4195.0
Castiglione a Casauria,701.0
Cepagatti,10946.0
Venosa,10913.0
Vietri di Potenza,2657.0
Cremia,684.0
Monticello Conte Otto,9029.0
Collecorvino,5933.0
Corvara,210.0
Loreto Aprutino,7140.0
Fobello,180.0
Fontanetto Po,1034.0
Motta de' Conti,722.0
Sant'Agata Feltria,1949.0
Lessona,2610.0
Magnano,354.0
Fumane,4102.0
Avezzano,40661.0
Concordia Sagittaria,10229.0
Tramutola,2919.0
Manoppello,6751.0
Montebello di Bertona,860.0
Formigliana,498.0
Gattinara,7502.0
Picciano,1277.0
Pietranico,439.0
Lozzolo,772.0
Civitella Casanova,1568.0
Mollia,92.0
Moncrivello,1373.0
Camburzano,1108.0
Campiglia Cervo,514.0
Salerano sul Lambro,2635.0
Mongrando,3598.0
Massazza,572.0
Masserano,1908.0
Mezzana Mortigliengo,474.0
Miagliano,532.0
Graglia,1464.0
Acquanegra Cremonese,1120.0
San Colombano al Lambro,7274.0
Penne,11165.0
Pescosansonesco,461.0
Santarcangelo di Romagna,22148.0
Montesilvano,53275.0
Vaglio Basilicata,1873.0
Donato,702.0
Dorzano,527.0
Serramonacesca,506.0
Spoltore,19012.0
Talamello,1067.0
Verucchio,10052.0
Occhieppo Superiore,2592.0
Mottalciata,1304.0
Muzzano,578.0
Trecchina,2155.0
Trivigno,570.0
Pomponesco,1683.0
Cerro al Lambro,5137.0
Bagnacavallo,16360.0
Bagnara di Romagna,2392.0
Moscufo,3091.0
Nocciano,1693.0
Pianella,8472.0
Pollone,2006.0
Pettinengo,1442.0
Meda,23388.0
Ponderano,3713.0
Portula,1120.0
Viggianello,2683.0
Viggiano,3248.0
Massalengo,4384.0
Novate Milanese,19910.0
Cugnoli,1336.0
Elice,1616.0
San Valentino in Abruzzo Citeriore,1833.0
Scafa,3488.0
Pozzuolo Martesana,8572.0
Pantigliate,5763.0
Netro,933.0
Occhieppo Inferiore,3757.0
Sant'Eufemia a Maiella,259.0
Piatto,468.0
Piedicavallo,169.0
Ronco Biellese,1406.0
Roppolo,840.0
Alba Adriatica,12760.0
Rosazza,100.0
Olmeneta,909.0
Orio Litta,2022.0
Gaglianico,3782.0
Gifflenga,101.0
Serle,3081.0
Colturano,2052.0
Cambiago,7120.0
Alfonsine,11477.0
Noviglio,4530.0
Popoli Terme,4713.0
Roccamorice,878.0
Pralungo,2267.0
Pray,1999.0
Brisighella,7629.0
Casola Valsenio,2498.0
Castel Bolognese,9527.0
Corsico,34373.0
Sagliano Micca,1544.0
Sala Biellese,562.0
Conselice,9541.0
Cotignola,7342.0
Dresano,3060.0
Vimodrone,16741.0
Faenza,58710.0
Sonico,1204.0
Sulzano,1932.0
Toscolano Maderno,7546.0
Rosciano,4049.0
Salle,268.0
Bellante,6849.0
Salussola,1870.0
Sandigliano,2559.0
Atri,9996.0
Basciano,2337.0
Sordevolo,1296.0
Sostegno,734.0
Suzzara,20979.0
San Calogero,3890.0
Strona,950.0
Ancarano,1824.0
Arsita,733.0
Tavigliano,930.0
Ternengo,256.0
Spadola,793.0
Spilinga,1349.0
Soriano Calabro,2322.0
Sant'Onofrio,2784.0
Serra San Bruno,6289.0
Vicoli,381.0
Villa Celiera,557.0
San Gregorio d'Ippona,2480.0
San Nicola da Crissa,1220.0
San Costantino Calabro,2066.0
Tocco da Casauria,2400.0
Valdengo,2387.0
Sirmione,8248.0
Soiano del Lago,1911.0
Castellalto,7295.0
Riolo Terme,5752.0
Russi,12190.0
Tignale,1154.0
Torbole Casaglia,6426.0
Vallio Terme,1402.0
Canzano,1786.0
Castel Castagna,429.0
Vazzano,960.0
Zaccanopoli,667.0
Tavernole sul Mella,1210.0
Temù,1132.0
Castelli,976.0
Castiglione Messer Raimondo,2030.0
Cervia,28983.0
Argentera,81.0
Bellino,100.0
Bisenti,1677.0
Campli,6560.0
Marzano Appio,1974.0
Massa Lombarda,10604.0
Sant'Agata sul Santerno,2893.0
Torre de' Passeri,2834.0
Turrivalignani,780.0
Solarolo,4373.0
Capriva del Friuli,1639.0
Fusignano,8067.0
Lugo,32015.0
Aiello del Sabato,4000.0
Altavilla Irpina,3945.0
Treviso Bresciano,511.0
Urago d'Oglio,3744.0
Villa Carcina,10603.0
Villachiara,1360.0
Vallanzengo,203.0
Valle San Nicolao,856.0
Vigliano Biellese,7566.0
Villa del Bosco,309.0
Villanova Biellese,177.0
Mediglia,12278.0
Lacchiarella,9055.0
Cormons,7135.0
Villanuova sul Clisi,5816.0
Simbario,900.0
Sorianello,1099.0
Valvestino,167.0
Verolanuova,8050.0
Tollegno,2348.0
Torrazzo,203.0
Dolegna del Collio,306.0
Farra d'Isonzo,1678.0
Zubiena,1157.0
Zumaglia,977.0
Viverone,1357.0
Zimone,393.0
Cermignano,1440.0
Atripalda,10367.0
Avella,7516.0
Costa di Mezzate,3389.0
Costa Serina,879.0
Andretta,1678.0
Aquilonia,1462.0
Civitella del Tronto,4590.0
Colledara,2081.0
Baiano,4443.0
Bisaccia,3534.0
Travagliato,13753.0
Trenzano,5476.0
Castilenti,1346.0
Cellino Attanasio,2224.0
Zambrone,1781.0
Zungri,1846.0
Mariano del Friuli,1450.0
Medea,948.0
Stefanaconi,2319.0
Tropea,5833.0
Castelmagno,58.0
Elva,78.0
Pontechianale,183.0
Costa Volpino,8783.0
Ariano Irpino,21023.0
Monfalcone,29479.0
Moraro,702.0
Romans d'Isonzo,3622.0
Ronchi dei Legionari,11780.0
Mossa,1526.0
Colonnella,3642.0
Controguerra,2192.0
Campoli Appennino,1614.0
Casalattico,534.0
Fano Adriano,249.0
Giulianova,23369.0
Bedonia,3111.0
Berceto,1967.0
Sagrado,2166.0
San Canzian d'Isonzo,6013.0
Verolavecchia,3810.0
Vestone,4142.0
Amaseno,4094.0
Anagni,20734.0
Fogliano Redipuglia,2995.0
Gradisca d'Isonzo,6430.0
Veglio,461.0
Verrone,1166.0
Bagnoli Irpino,3027.0
Acceglio,157.0
Aisone,211.0
Casalvieri,2436.0
Savogna d'Isonzo,1694.0
Staranzano,7136.0
Bonito,2217.0
Cairano,275.0
Covo,4243.0
Calestano,2065.0
Collecchio,14684.0
San Lorenzo Isontino,1514.0
San Pier d'Isonzo,1969.0
Aquino,4932.0
Castel Baronia,1062.0
Castelfranci,1766.0
Curno,7492.0
Cusio,210.0
Caposele,3245.0
Capriglia Irpina,2262.0
Alba,31210.0
Grado,7658.0
Castelvetere sul Calore,1486.0
Vallelonga,749.0
Calabritto,2148.0
Albareto,2087.0
Bardi,2017.0
Albaretto della Torre,218.0
Alto,149.0
Corniglio,1755.0
Bastia Mondovì,628.0
Battifollo,225.0
Turriaco,2754.0
Vione,625.0
Visano,1980.0
Conza della Campania,1270.0
Domicella,1849.0
Grottolella,1793.0
Alvito,2485.0
Bagnolo Piemonte,5811.0
Vobarno,8240.0
Zone,1023.0
Cortino,586.0
Crognaleto,1094.0
Broccostella,2681.0
Atina,4133.0
Ausonia,2409.0
Calitri,4243.0
Candida,1101.0
Acquafondata,261.0
Acuto,1835.0
Carife,1272.0
Arce,5439.0
Arnara,2192.0
Arpino,6684.0
Corropoli,5071.0
Bore,652.0
Borgo Val di Taro,6716.0
Chianche,478.0
Chiusano di San Domenico,2089.0
Busseto,6763.0
Cervinara,8680.0
Cesinali,2552.0
Barcis,220.0
Brugnera,9229.0
Lioni,5934.0
Villesse,1615.0
Andreis,242.0
Fontevivo,5527.0
Fornovo di Taro,5891.0
San Floriano del Collio,729.0
Casarsa della Delizia,8194.0
Greci,585.0
Grottaminarda,7711.0
Flumeri,2506.0
Fontanarosa,2870.0
Cassino,35092.0
Castelliri,3183.0
Arguello,200.0
Bagnasco,965.0
Felino,9150.0
Fidenza,26945.0
Ceccano,22320.0
Ceprano,8116.0
Bergolo,56.0
Clauzetto,369.0
Cordenons,17818.0
Lapio,1428.0
Lauro,3340.0
Casalbore,1574.0
Cassano Irpino,945.0
Fiume Veneto,11779.0
Fontanafredda,12818.0
Contrada,2950.0
Castelnuovo Parano,858.0
Castro dei Volsci,4465.0
Bernezzo,4215.0
Bonvicino,97.0
Baldissero d'Alba,1054.0
Barbaresco,594.0
Belmonte Castello,678.0
Boville Ernica,8366.0
Castrocielo,3776.0
Forino,5179.0
Beinette,3483.0
Belvedere Langhe,330.0
Melito Irpino,1789.0
Mercogliano,11492.0
Guardia Lombardi,1515.0
Lacedonia,2048.0
Erto e Casso,373.0
Fanna,1470.0
Castelnovo del Friuli,849.0
Cavasso Nuovo,1490.0
San Vito sullo Ionio,1613.0
Tregnago,5003.0
Cordovado,2733.0
Roccabianca,2876.0
Sala Baganza,5888.0
Colle San Magno,631.0
Fontanellato,7053.0
Arba,1260.0
Aviano,8948.0
Collepardo,884.0
Coreno Ausonio,1525.0
Luogosano,1082.0
Manocalzati,3019.0
Sant'Andrea Apostolo dello Ionio,5497.0
Barge,7395.0
Barolo,638.0
Monteforte Irpino,11229.0
Bene Vagienna,3650.0
Benevello,470.0
Polcenigo,3123.0
Porcia,14971.0
Frigento,3462.0
Gesualdo,3234.0
Montecalvo Irpino,3324.0
Montefalcione,3092.0
Zevio,15579.0
Illasi,5145.0
Borgo San Dalmazzo,12510.0
Borgomale,376.0
Esperia,3549.0
Falvaterra,514.0
Marzano di Nola,1639.0
Frisanco,572.0
Mirabella Eclano,6640.0
Montaguto,347.0
Cervaro,7780.0
Colfelice,1780.0
Maniago,11526.0
Meduno,1500.0
Montefredane,2108.0
Montefusco,1192.0
Colorno,8941.0
Compiano,1058.0
Montella,7291.0
Montemarano,2610.0
Langhirano,10765.0
Lesignano de' Bagni,5083.0
Giuliano di Roma,2317.0
Guarcino,1489.0
Isola del Liri,10735.0
Prata di Pordenone,8293.0
Pravisdomini,3441.0
Torri del Benaco,2927.0
Ponte Buggianese,8717.0
San Vito al Tagliamento,15187.0
Cimolais,348.0
Claut,891.0
Budoia,2472.0
Caneva,6256.0
Fontechiari,1237.0
Azzano Decimo,15681.0
Filettino,516.0
Medesano,10687.0
Monchio delle Corti,841.0
Monte San Giovanni Campano,12009.0
Morolo,3195.0
Sequals,2166.0
Sesto al Reghena,6313.0
Zoppola,8302.0
Soragna,4736.0
Terenzo,1148.0
San Martino al Tagliamento,1452.0
San Quirino,4233.0
San Mauro di Saline,575.0
Salsomaggiore Terme,19990.0
Tramonti di Sotto,327.0
Montecatini Terme,20690.0
Campotosto,458.0
Montereale Valcellina,4219.0
Pasiano di Pordenone,7867.0
Pinzano al Tagliamento,1519.0
Fiuggi,10082.0
Fontana Liri,2693.0
San Secondo Parmense,5823.0
Solignano,1713.0
Palanzano,1040.0
Pellegrino Parmense,962.0
Montechiarugolo,11211.0
Dalmine,23316.0
Travesio,1788.0
Vajont,1630.0
Laurito,696.0
Balsorano,3265.0
Barete,614.0
Neviano degli Arduini,3422.0
Noceto,13203.0
Patrica,3071.0
Paliano,7901.0
Pastena,1263.0
Ampezzo,909.0
Aquileia,3128.0
Castel di Sangro,6564.0
Castellafiume,1032.0
Fumone,1965.0
Gallinaro,1198.0
Calascio,125.0
Campo di Giove,739.0
Tornolo,910.0
Torrile,7744.0
Pescosolido,1424.0
Picinisco,1098.0
Vito d'Asio,719.0
Vivaro,1317.0
Carapelle Calvisio,78.0
Carsoli,5007.0
Barisciano,1659.0
Barrea,710.0
Aiello del Friuli,2117.0
Amaro,851.0
Traversetolo,9559.0
Valmozzola,535.0
San Giorgio della Richinvelda,4553.0
Monteverde,695.0
Morra De Sanctis,1124.0
Cagnano Amiterno,1125.0
Castel del Monte,431.0
Castel di Ieri,289.0
Castelseprio,1321.0
Valle di Cadore,1849.0
Ripi,5006.0
Moschiano,1566.0
Tizzano Val Parma,2128.0
Villa di Tirano,2992.0
Capestrano,833.0
Capistrello,4793.0
Montemiletto,5070.0
Spilimbergo,11833.0
Tramonti di Sopra,276.0
Castelvecchio Calvisio,118.0
Rocca d'Arce,885.0
Roccasecca,6866.0
Canistro,907.0
Cansano,218.0
Cappadocia,575.0
Capitignano,621.0
Caporciano,202.0
Roveredo in Piano,5811.0
Sacile,19864.0
Varano de' Melegari,2573.0
Varsi,1123.0
San Biagio Saracinisco,297.0
San Donato Val di Comino,1888.0
Fiorano al Serio,2945.0
Fontanella,4771.0
Pico,2634.0
Piedimonte San Germano,6316.0
Ospedaletto d'Alpinolo,2024.0
Pratola Serra,3592.0
Quadrelle,1829.0
San Giorgio a Liri,3005.0
Dossena,885.0
Endine Gaiano,3421.0
Fara Olivana con Sola,1332.0
Filago,3068.0
Entratico,1977.0
Fara Gera d'Adda,7987.0
Fino del Monte,1163.0
Bisegna,217.0
Bugnara,1026.0
Pontecorvo,12333.0
Posta Fibreno,1021.0
Cerchio,1556.0
Castelvecchio Subequo,832.0
Celano,10186.0
Sant'Angelo Lomellina,813.0
Mugnano del Cardinale,5122.0
Nusco,3899.0
Civitella Roveto,3016.0
Cocullo,211.0
Sant'Apollinare,1814.0
Pietradefusi,1916.0
Pietrastornina,1449.0
Collarmele,800.0
Pago del Vallo di Lauro,1710.0
Parolise,637.0
Piglio,4375.0
San Marco dei Cavoti,2982.0
San Martino Sannita,1180.0
San Mango sul Calore,1093.0
San Martino Valle Caudina,4764.0
Sant'Ambrogio sul Garigliano,876.0
Sant'Andrea del Garigliano,1292.0
Pignataro Interamna,2425.0
Pofi,3920.0
Fontecchio,291.0
Fossa,672.0
Villa Bartolomea,5815.0
Linarolo,2788.0
Gropello Cairoli,4220.0
Sant'Elia Fiumerapido,5690.0
Santopadre,1186.0
Civita d'Antino,913.0
Civitella Alfedena,285.0
San Zenone al Po,543.0
Cilavegna,5343.0
Paternopoli,2143.0
Petruro Irpino,302.0
San Giovanni Incarico,3049.0
San Vittore del Lazio,2404.0
Zenevredo,498.0
Vigo di Cadore,1349.0
Gandino,5121.0
Torricella Verzate,793.0
Vallada Agordina,462.0
San Tomaso Agordino,598.0
Santa Cristina e Bissone,1845.0
Torrazza Coste,1560.0
Rotondi,3364.0
Salza Irpina,720.0
Falcade,1802.0
Marzano,1665.0
Sant'Agata de' Goti,10282.0
Sant'Angelo a Cupolo,4068.0
Prata di Principato Ultra,2696.0
Serrone,2996.0
Settefrati,713.0
Santa Croce del Sannio,869.0
Sassinoro,647.0
Dazio,502.0
Taino,3629.0
Mese,1845.0
Marzio,307.0
Castorano,2223.0
Colli del Tronto,3653.0
Introdacqua,1939.0
Lecce nei Marsi,1534.0
Gagliano Aterno,236.0
Gioia dei Marsi,1680.0
Goriano Sicoli,511.0
Roccabascerana,2308.0
Collelongo,1108.0
Collepietro,200.0
San Lorenzo Maggiore,1879.0
San Lupo,713.0
Vervio,200.0
Corfinio,970.0
Fagnano Alto,363.0
Solopaca,3447.0
Telese Terme,7613.0
San Michele di Serino,2414.0
Sgurgola,2370.0
San Lorenzello,2101.0
Lozzo di Cadore,1255.0
Acquasanta Terme,2494.0
Acquaviva Picena,3654.0
Gandosso,1465.0
Gaverina Terme,873.0
Gorno,1489.0
Torrecuso,3237.0
Vitulano,2732.0
Fonteno,562.0
Foppolo,157.0
Fornovo San Giovanni,3383.0
Fuipiano Valle Imagna,203.0
Gandellino,966.0
Appignano del Tronto,1660.0
Arquata del Tronto,973.0
Santa Margherita di Staffora,437.0
Quindici,1790.0
Rocca San Felice,781.0
Gorlago,5149.0
Gorle,6578.0
Tocco Caudio,1435.0
Brallo di Pregola,487.0
Grantola,1238.0
Teglio,4515.0
Borgo Priolo,1278.0
Lentate sul Seveso,15801.0
Brenta,1715.0
Carassai,977.0
Castel di Lama,8395.0
Sant'Arcangelo Trimonte,476.0
San Nicola Manfredi,3482.0
San Salvatore Telesino,3854.0
Calendasco,2407.0
Comunanza,2915.0
Cossignano,865.0
San Nazzaro,840.0
Ocre,1114.0
Ofena,420.0
Grassobbio,6450.0
Gromo,1141.0
Gazzaniga,4888.0
Ghisalba,6169.0
Opi,379.0
Oricola,1250.0
Casalzuigno,1382.0
Tovo di Sant'Agata,620.0
Montefiore dell'Aso,1986.0
Montegallo,422.0
Massa d'Albe,1345.0
Molina Aterno,346.0
Sangiano,1453.0
Faedo Valtellino,512.0
Cervesina,1109.0
Maltignano,2205.0
Massignano,1602.0
Castignano,2549.0
Ortucchio,1731.0
Ovindoli,1167.0
Tronzano Lago Maggiore,233.0
Ceranova,2302.0
Carpaneto Piacentino,7645.0
Camparada,2149.0
Lonate Ceppino,5075.0
Luco dei Marsi,5912.0
Levate,3715.0
Locatello,814.0
Luzzana,886.0
Madone,4082.0
Lenna,554.0
Bettola,2591.0
Borgonovo Val Tidone,8105.0
Barrafranca,11813.0
Calascibetta,4062.0
Cupra Marittima,5441.0
Folignano,8734.0
Larciano,6301.0
Marliana,3237.0
Pescasseroli,2068.0
Montereale,2197.0
Lallio,4133.0
Leffe,4303.0
Caorso,4707.0
Lamporecchio,7367.0
Lovere,4964.0
Lurano,2847.0
Massa e Cozzile,7742.0
Castel San Giovanni,14097.0
Cigognola,1296.0
Monsampolo del Tronto,4418.0
Ortona dei Marsi,408.0
Montemonaco,519.0
Monteprandone,12896.0
Grone,865.0
Grumello del Monte,7401.0
Corana,751.0
Lovero,613.0
Corvino San Quirico,963.0
Bianzone,1257.0
Roccafluvione,1850.0
Rotella,803.0
Cerignale,117.0
Coli,837.0
Chiesina Uzzanese,4494.0
Cadeo,5978.0
Mapello,6909.0
Martinengo,10731.0
Morino,1303.0
Navelli,537.0
Force,1132.0
Grottammare,15814.0
Isola di Fondra,177.0
Isso,598.0
Badia Pavese,395.0
Valeggio,184.0
Offida,4647.0
Mezzoldo,164.0
Misano di Gera d'Adda,3044.0
Spinetoli,7213.0
Venarotta,1893.0
Castell'Arquato,4617.0
Godiasco Salice Terme,3211.0
Marnate,8110.0
Montalto delle Marche,1893.0
Montedinove,460.0
Alleghe,1100.0
Lucoli,839.0
Magliano de' Marsi,3513.0
Monsummano Terme,20731.0
Castelvetro Piacentino,5243.0
Palmiano,160.0
Ripatransone,4072.0
Agira,7671.0
Aidone,4183.0
Assoro,4827.0
Cadegliano Viconago,2155.0
Caravate,2535.0
Pratola Peligna,7039.0
Montello,3216.0
Gagliano Castelferrato,3266.0
Leonforte,12105.0
Morengo,2488.0
Mornico al Serio,2923.0
Catenanuova,4473.0
Centuripe,5033.0
Retorbido,1545.0
Monticelli Pavese,623.0
Pacentro,1083.0
Pereto,639.0
Sauris,389.0
Ranco,1238.0
Marchirolo,3519.0
Ferriere,1109.0
Oltressenda Alta,135.0
Isola del Gran Sasso d'Italia,4465.0
Mezzana Bigli,1046.0
Rasura,288.0
Corte Brugnatella,517.0
Montale,10519.0
Masciago Primo,303.0
Agra,391.0
Nembro,11210.0
Olmo al Brembo,474.0
Fiorenzuola d'Arda,14874.0
Gazzola,2077.0
Poggio Picenze,1003.0
Prata d'Ansidonia,436.0
Sperlinga,674.0
Troina,8550.0
Oltre il Colle,954.0
Farini,1043.0
Moio de' Calvi,206.0
Monasterolo del Castello,1135.0
Pieve a Nievole,9089.0
Cortemaggiore,4628.0
Cerami,1849.0
Stregna,288.0
Sutrio,1220.0
Ardenno,3214.0
Mornico Losana,601.0
Pettorano sul Gizio,1302.0
Pizzoli,4270.0
Albosaggia,2990.0
Albonese,541.0
Quarrata,26684.0
Sambuca Pistoiese,1439.0
Martinsicuro,16270.0
Montefino,944.0
Gragnano Trebbiense,4572.0
Gropparello,2137.0
Savogna,357.0
Sedegliano,3662.0
Rognano,676.0
Valguarnera Caropepe,6837.0
Villarosa,4377.0
Mozzanica,4380.0
Mozzo,7283.0
Pescina,3724.0
Pescocostanzo,1081.0
Pancarana,303.0
Porto Valtravaglia,2261.0
Mesenzana,1682.0
Mezzago,4469.0
Rivamonte Agordino,622.0
Pescia,19223.0
Nereto,5294.0
Notaresco,6337.0
Pietraperzia,6303.0
Regalbuto,6724.0
Socchieve,875.0
Robbio,5763.0
Trasaghis,2084.0
Nicosia,12686.0
Nissoria,2844.0
Parona,1847.0
Monvalle,1921.0
Arienzo,5307.0
Chiuro,2424.0
Montecalvo Versiggia,513.0
Prezza,869.0
Raiano,2630.0
Pietra de' Giorgi,751.0
Albuzzano,3582.0
Pianello Val Tidone,2161.0
Clivio,1983.0
Agordo,4059.0
Medolago,2323.0
Baia e Latina,2006.0
Bellona,5988.0
Caiazzo,5205.0
Ailano,1198.0
Azzio,756.0
Usmate Velate,10547.0
Rocca Santa Maria,471.0
Sant'Egidio alla Vibrata,9751.0
Calvi Risorta,5469.0
Uzzano,5562.0
Trivignano Udinese,1555.0
Varmo,2641.0
Gossolengo,5715.0
Serravalle Pistoiese,11740.0
Camigliano,1993.0
Cancello ed Arnone,5559.0
Alife,7376.0
Alvignano,4507.0
Piazza Armerina,20642.0
Taipana,566.0
Talmassons,3856.0
Travo,2180.0
Vernasca,2004.0
Piozzano,578.0
Podenzano,9041.0
Tolmezzo,9833.0
Torreano,2043.0
Terzo di Aquileia,2742.0
Casal di Principe,21298.0
Casaluce,9587.0
Besozzo,8711.0
Vedano Olona,7291.0
Torano Nuovo,1466.0
Casapesenna,6883.0
Morfasso,884.0
Ottone,432.0
Lugagnano Val d'Arda,3889.0
Monticelli d’Ongina,5138.0
Busnago,6835.0
Oliva Gessi,168.0
Rea,384.0
Rivergaro,7037.0
Rottofreno,12206.0
Tarcento,8887.0
Tavagnacco,14670.0
Torviscosa,2603.0
Penna Sant'Andrea,1645.0
San Pietro in Cerro,769.0
Sarmato,2896.0
Castel Morrone,3587.0
Castel Volturno,28436.0
Sant'Omero,5079.0
Silvi,15361.0
Montorio al Vomano,7397.0
Morro d'Oro,3547.0
Saltrio,2965.0
Inverno e Monteleone,1444.0
Calcinaia,12738.0
Capannoli,6386.0
Casapulla,8300.0
Castel Campagnano,1458.0
Mosciano Sant'Angelo,9072.0
Bitritto,11315.0
Vigolzone,4200.0
Ponte dell'Olio,4628.0
Pontenure,6523.0
Carinaro,7094.0
Torricella Sicura,2440.0
Tortoreto,11788.0
Treppo Grande,1714.0
Tricesimo,7593.0
Carinola,7154.0
Casagiove,13013.0
Bientina,8602.0
Buti,5543.0
Tromello,3616.0
Lomello,2029.0
Castel di Sasso,1051.0
Acquaviva delle Fonti,19938.0
Adelfia,16494.0
Alberobello,10177.0
Vezza d'Oglio,1463.0
Cervino,4740.0
Cesa,9571.0
Zerba,71.0
Brugherio,34999.0
Breme,699.0
Cascina,44735.0
Castelfranco di Sotto,13541.0
Argusto,444.0
Badolato,2843.0
Caponago,5140.0
Scaldasole,868.0
Zerbolò,1630.0
San Giorgio di Lomellina,970.0
Smerillo,333.0
Binetto,2128.0
Bitetto,11767.0
Castello del Matese,1398.0
Cellole,8133.0
San Giorgio Piacentino,5533.0
Cassano delle Murge,15010.0
Castronno,5043.0
Gela,70109.0
Voghera,38637.0
Cesiomaggiore,3923.0
Tossicia,1241.0
Valle Castellana,872.0
Andali,637.0
Capodrise,10007.0
Capriati a Volturno,1440.0
Gioia del Colle,26562.0
Conversano,25779.0
Corato,47033.0
Grumo Appula,12141.0
Modugno,36224.0
Amaroni,1660.0
Amato,793.0
Venzone,1939.0
Verzegnis,849.0
Villa Santina,2136.0
Capurso,15212.0
Casamassima,19294.0
Calci,6293.0
Villanova sull'Arda,1669.0
Monopoli,48004.0
Visco,827.0
Arzano,31977.0
Bacoli,25230.0
Caraffa di Catanzaro,1743.0
Cardinale,1829.0
Carlopoli,1385.0
Palo del Colle,20575.0
Poggiorsini,1273.0
Pietracamela,218.0
Pineto,14571.0
Zuglio,541.0
Albino,17449.0
Cerva,1086.0
Chiaravalle Centrale,5098.0
Fauglia,3649.0
Montecatini Val di Cecina,1681.0
Montescudaio,2144.0
Dragoni,1865.0
Olcenengo,793.0
Cropani,4674.0
Curinga,6501.0
Ziano Piacentino,2436.0
Casale Marittimo,1051.0
Castelnuovo di Val di Cecina,2064.0
Chianni,1309.0
Pezzana,1281.0
Pila,138.0
Acerra,58322.0
Afragola,61712.0
Oldenico,226.0
Anacapri,6835.0
Ciorlano,370.0
Conca della Campania,1154.0
Cardito,21514.0
Casalnuovo di Napoli,46992.0
Palaia,4523.0
Peccioli,4662.0
Castellina Marittima,1827.0
Botricello,4993.0
Brusciano,15877.0
Castellana Grotte,19505.0
Locorotondo,13930.0
Cenadi,510.0
Centrache,342.0
Camposano,5048.0
Capri,6804.0
Rimella,134.0
Torre San Patrizio,1901.0
Moena,2563.0
Cicala,887.0
Conflenti,1282.0
Cesano Maderno,39310.0
Monteverdi Marittimo,766.0
Curti,6694.0
Gagliato,432.0
Gasperina,1884.0
Sannicandro di Bari,9604.0
Santeramo in Colle,25713.0
Cortale,1866.0
Davoli,5546.0
Decollatura,2855.0
Mola di Bari,24416.0
Falerna,3786.0
Barano d'Ischia,9971.0
Putignano,25935.0
Rutigliano,18293.0
Palazzolo Vercellese,1099.0
Pertengo,301.0
Montopoli in Val d'Arno,11184.0
Orciano Pisano,632.0
Noci,18361.0
Noicàttaro,25850.0
San Giuliano Terme,30652.0
San Miniato,27703.0
Piode,190.0
Quarona,3785.0
Riparbella,1588.0
Toritto,8031.0
Triggiano,25847.0
Guardistallo,1155.0
Lajatico,1265.0
Caivano,35874.0
Calvizzano,12391.0
Postua,552.0
Prarolo,712.0
Belcastro,1231.0
Borgia,7158.0
Santa Croce sull'Arno,14702.0
Giovinazzo,19366.0
Gravina in Puglia,42703.0
Casamarciano,3046.0
Boscoreale,25939.0
Boscotrecase,9795.0
Polignano a Mare,17531.0
Carovigno,16917.0
Ruvo di Puglia,24347.0
Sammichele di Bari,6022.0
Carbonara di Nola,2459.0
Turi,12971.0
Valenzano,17339.0
Pomarance,5299.0
Rive,448.0
Roasio,2221.0
Scopa,371.0
Scopello,375.0
Rovasenda,907.0
Casamicciola Terme,7614.0
Casandrino,13234.0
Ronsecco,542.0
Rossa,174.0
Sali Vercellese,98.0
Saluggia,3783.0
Terlizzi,26112.0
Quinto Vercellese,384.0
Rassa,63.0
Cimitile,6885.0
Comiziano,1704.0
Oria,14507.0
Ostuni,30143.0
Gimigliano,2985.0
Girifalco,5495.0
Santa Luce,1629.0
Santa Maria a Monte,13326.0
Gizzeria,5065.0
Guardavalle,4117.0
Olgiate Olona,12671.0
Salasco,206.0
Ceglie Messapica,18680.0
Cellino San Marco,6088.0
Vocca,155.0
Nocera Terinese,4715.0
Olivadi,488.0
Magisano,1106.0
Trino,6641.0
Tronzano Vercellese,3275.0
Serravalle Sesia,4742.0
Stroppiana,1180.0
Casola di Napoli,3652.0
Casoria,74021.0
Feroleto Antico,1955.0
Fossato Serralta,558.0
Ponsacco,15594.0
Pontedera,29393.0
Frattamaggiore,28492.0
Terricciola,4445.0
Vecchiano,11825.0
San Donaci,6180.0
Jacurso,549.0
Lamezia Terme,67026.0
Isca sullo Ionio,1441.0
Latiano,13563.0
Mesagne,26148.0
Montepaone,5656.0
Motta Santa Lucia,798.0
Casavatore,18209.0
San Germano Vercellese,1541.0
San Giacomo Vercellese,274.0
Marcellinara,2146.0
San Michele Salentino,6072.0
San Pancrazio Salentino,9281.0
Castello di Cisterna,7758.0
Miglierina,722.0
Montauro,1773.0
Valduggia,1852.0
Varallo,6912.0
Tricerro,671.0
Maida,4396.0
Marcedusa,380.0
Cisternino,11139.0
Platania,1973.0
San Floro,670.0
Forio,17437.0
Martirano,840.0
Martirano Lombardo,952.0
Vicopisano,8563.0
Volterra,9537.0
Francavilla Fontana,34968.0
Torre Santa Susanna,10114.0
Villa Castelli,9036.0
San Vito dei Normanni,18103.0
Torchiarolo,5266.0
Santhià,8106.0
Biccari,2636.0
Bovino,2973.0
Apricena,12575.0
Ascoli Satriano,5863.0
Acquafredda,1518.0
Alberona,846.0
Anzano di Puglia,1086.0
Adro,7127.0
San Pietro Vernotico,13022.0
Accadia,2219.0
Carlantino,804.0
Carpino,3811.0
Erchie,8232.0
Fasano,38745.0
San Mango d'Aquino,1442.0
San Pietro Apostolo,1520.0
Barghe,1137.0
San Pietro a Maida,3772.0
Artogne,3568.0
Petronà,2365.0
Pianopoli,2484.0
Cercola,16954.0
Cicciano,12263.0
Lucera,30975.0
Soverato,8618.0
Crispano,11724.0
Ercolano,50124.0
Palermiti,1057.0
Pentone,1887.0
Cagnano Varano,6573.0
Anfo,447.0
Angolo Terme,2302.0
Sustinente,1908.0
Cumignano sul Naviglio,406.0
Petrizzi,1010.0
Altivole,6991.0
Chiarano,3623.0
Breda di Piave,7690.0
Bagheria,52928.0
Deliceto,3506.0
Faeto,616.0
Casalnuovo Monterotaro,1357.0
Sellia,476.0
Sellia Marina,7615.0
Grumo Nevano,17145.0
Serrastretta,2923.0
Castello di Godego,7035.0
Casier,11416.0
Lacco Ameno,4561.0
Lettere,6031.0
Grontardo,1484.0
Viganò,2079.0
Massa Lubrense,14141.0
Massa di Somma,4991.0
Villarboit,380.0
Villata,1505.0
Luzzara,8496.0
San Sostene,1401.0
Gragnano,27960.0
Soveria Mannelli,2835.0
Soveria Simeri,1439.0
Ozzano dell'Emilia,14053.0
Castelfranco Veneto,32935.0
Caerano di San Marco,7761.0
Cappella Maggiore,4645.0
Chieuti,1518.0
Ischia,19598.0
Castelluccio Valmaggiore,1207.0
Castelnuovo della Daunia,1271.0
Frattaminore,15354.0
Giugliano in Campania,123679.0
Santa Caterina dello Ionio,1923.0
Satriano,3364.0
Casale sul Sile,13168.0
Possagno,2245.0
Marano di Napoli,57777.0
Mariglianella,7824.0
Tiriolo,3581.0
Torre di Ruggiero,951.0
Cavaso del Tomba,2911.0
Arcade,4494.0
Casalvecchio di Puglia,1689.0
Castelluccio dei Sauri,2024.0
Ottaviano,23115.0
Palma Campania,16221.0
Ischitella,4137.0
Lesina,6204.0
Marigliano,29067.0
Candela,2487.0
Carapelle,6817.0
Bernate Ticino,2952.0
Basiglio,7936.0
Valli del Pasubio,3055.0
Asolo,8916.0
Taverna,2522.0
Azzano Mella,3413.0
Bagnolo Mella,12446.0
Formigara,997.0
Gabbioneta-Binanuova,842.0
Agnosine,1652.0
Alfianello,2327.0
Liveri,1475.0
Bassano Bresciano,2338.0
Squillace,3511.0
Stalettì,2353.0
Chiuppano,2528.0
Albaredo d’Adige,5246.0
Vallefiorita,1503.0
Cazzano di Tramigna,1502.0
Boschi Sant'Anna,1359.0
Cimadolmo,3368.0
Cison di Valmarino,2463.0
Montegaldella,1791.0
Meduna di Livenza,2942.0
Mussolente,7577.0
Cessalto,3764.0
Sersale,4250.0
Settingiano,3260.0
Simeri Crichi,4722.0
Meta,7770.0
Badia Calavena,2592.0
Bolzano Vicentino,6496.0
Carbonera,11205.0
Melfi,17092.0
Montecchio Maggiore,23351.0
Montegalda,3353.0
Poggiomarino,22216.0
Godega di Sant'Urbano,5971.0
Piano di Sorrento,12355.0
Pimonte,5860.0
Celenza Valfortore,1363.0
Celle di San Vito,148.0
Portici,52054.0
Pollena Trocchia,12750.0
Pomigliano d'Arco,39705.0
Montebello Vicentino,6321.0
Montorso Vicentino,3029.0
Monte di Procida,11845.0
Mugnano di Napoli,34607.0
Pescarolo ed Uniti,1516.0
Cappella Cantone,555.0
Paullo,11080.0
Corbetta,18778.0
Barzio,1254.0
Ripalta Arpina,1026.0
Borso del Grappa,5864.0
Castelcucco,2326.0
Pieranica,1101.0
Cassina Valsassina,535.0
Romano d'Ezzelino,14170.0
Alonte,1580.0
Giarratana,2830.0
Ispica,16253.0
Pessina Cremonese,564.0
Calolziocorte,13514.0
Cassago Brianza,4390.0
Tornata,417.0
Torlino Vimercati,480.0
Santa Croce Camerina,10979.0
Scicli,26854.0
Melito di Napoli,36269.0
Nola,33629.0
Arluno,12355.0
Besate,2051.0
Melegnano,17964.0
Chiaramonte Gulfi,7988.0
Comiso,30016.0
Sanremo,52787.0
Grisignano di Zocco,4297.0
Spino d’Adda,6870.0
Acate,10729.0
Castel d'Azzano,12017.0
Mansuè,4936.0
San Fior,6801.0
Brentino Belluno,1363.0
Roccarainola,6564.0
San Gennaro Vesuviano,12003.0
Castano Primo,10801.0
Bagolino,3761.0
Barbariga,2336.0
Camisano Vicentino,11124.0
Fara Vicentino,3700.0
Modica,53503.0
Monterosso Almo,2783.0
Procida,10092.0
Nogarole Vicentino,1237.0
Asigliano Veneto,833.0
Dervio,2600.0
Mandello del Lario,9911.0
Codogné,5220.0
Lastebasse,195.0
Pozzallo,18879.0
Fombio,2254.0
Melzo,18318.0
Chiampo,12531.0
Gambellara,3426.0
San Pietro Mussolino,1546.0
Valdastico,1156.0
Salvirola,1150.0
Torre de' Busi,2224.0
Gombito,625.0
San Martino del Lago,387.0
Crespadoro,1260.0
Concamarise,1053.0
Pontecchio Polesine,2219.0
Merlara,2511.0
Soncino,7490.0
Noventa Padovana,11468.0
Pettorazza Grimani,1445.0
San Giorgio a Cremano,42485.0
Castelgomberto,6127.0
Bressanvido,3149.0
Vittoria,63316.0
Foza,653.0
Cartigliano,3666.0
Tonezza del Cimone,500.0
Ospedaletto Euganeo,5549.0
Piove di Sacco,20004.0
Pernumia,3765.0
Megliadino San Vitale,1796.0
Cartura,4567.0
Ponso,2391.0
Pozzuoli,76331.0
Qualiano,24501.0
Quarto,41228.0
Zovencedo,803.0
Montecchio Precalcino,4938.0
Pozzonovo,3430.0
Sant'Antonio Abate,19065.0
Taglio di Po,7914.0
Fontaniva,8048.0
Breganze,8352.0
Velo d'Astico,2224.0
Trezzano sul Naviglio,21474.0
Guardamiglio,2595.0
Paderno d'Adda,3834.0
Crotta d'Adda,610.0
Porto Tolle,9031.0
Polverara,3400.0
Campagnola Cremasca,657.0
Stagno Lombardo,1413.0
Soresina,8816.0
Merate,14796.0
Varenna,693.0
Abbiategrasso,32425.0
Casale di Scodosia,4647.0
Barbona,585.0
Grumolo delle Abbadesse,3830.0
Calvene,1280.0
Villanova di Camposampiero,6160.0
Candiana,2192.0
Zermeghedo,1324.0
Legnano,59941.0
San Sebastiano al Vesuvio,8664.0
San Vitaliano,6534.0
Goito,10027.0
Moriago della Battaglia,2827.0
Pozzoleone,2767.0
Casalserugo,5366.0
San Pietro Viminario,3051.0
Stanghella,4100.0
San Martino di Lupari,13209.0
Solferino,2610.0
Paderno Dugnano,47118.0
Boara Pisani,2379.0
Villa Estense,2087.0
Sant'Agnello,8640.0
San Martino in Strada,3730.0
Rho,50299.0
Pioltello,36061.0
Rozzano,41240.0
Arese,19514.0
Scisciano,6174.0
Costabissara,7647.0
Rossano Veneto,8176.0
Ponzano Veneto,12988.0
Correzzola,4993.0
Sant'Anastasia,26170.0
Sant'Antimo,32309.0
Pove del Grappa,3177.0
Fortezza,1086.0
Romana,480.0
Galgagnano,1322.0
Graffignana,2619.0
Santo Stefano Lodigiano,1847.0
Villanova del Ghebbo,2011.0
Falzes,3077.0
Fiè allo Sciliar,3626.0
Crema,34074.0
Aidomaggiore,394.0
Somma Vesuviana,33697.0
Sorrento,15407.0
Lierna,2149.0
San Benedetto Po,6648.0
Brendola,6671.0
Preganziol,16737.0
Cusano Milanino,18833.0
Cesano Boscone,23335.0
Scandolara Ripa d'Oglio,514.0
Olginate,6879.0
San Vittore Olona,8186.0
Corte de' Frati,1306.0
Ardauli,765.0
Assolo,342.0
Resana,9392.0
Pojana Maggiore,4212.0
Barzago,2368.0
Castelverde,5560.0
San Rocco al Porto,3345.0
Somaglia,3796.0
Torre del Greco,78997.0
Ponte di Piave,8307.0
Orsago,3816.0
San Zenone degli Ezzelini,7310.0
Monastier di Treviso,4411.0
Arborea,3749.0
Egna,5460.0
Cortina sulla Strada del Vino,677.0
Corvara in Badia,1396.0
Agnadello,3857.0
Turbigo,7046.0
San Giuseppe Vesuviano,30120.0
San Paolo Bel Sito,3378.0
Asuni,302.0
Bosisio Parini,3285.0
Vanzaghello,5272.0
Santa Maria la Carità,11682.0
Saviano,15810.0
Bagnolo Cremasco,4942.0
Vaiano Cremasco,3519.0
Borgoricco,8969.0
Loreggia,7703.0
Zelo Buon Persico,7398.0
Merlino,1702.0
Curon Venosta,2376.0
Dobbiaco,3363.0
Cesate,14239.0
Capralba,2296.0
Senna Lodigiana,1762.0
Bozzolo,4056.0
Tavazzano con Villavesco,5861.0
Buccinasco,26822.0
Angiari,2489.0
Albagiara,242.0
Striano,8860.0
Terzigno,17211.0
Voltido,337.0
Cesana Brianza,2364.0
Monfumo,1310.0
Quinto Vicentino,5832.0
Casalmorano,1645.0
Turano Lodigiano,1512.0
Arcole,6364.0
Trecase,8533.0
Tufino,3384.0
Ballabio,4144.0
Vittuone,9248.0
Miane,3118.0
Pieve di Soligo,11535.0
Busachi,1151.0
Cuggiono,8106.0
Noventa Vicentina,8952.0
Ormelle,4460.0
Credera Rubbiano,1532.0
Casalbuttano ed Uniti,3606.0
Erve,674.0
Cabras,8728.0
Cuglieri,2468.0
Casteldidone,559.0
Brivio,4404.0
Orgiano,2997.0
Curcuris,301.0
Flussio,413.0
Fordongianus,831.0
Maleo,3001.0
Nibionno,3571.0
Grezzago,3124.0
Trigolo,1626.0
Casale Cremasco-Vidolasco,1809.0
Villorba,17523.0
Spresiano,12242.0
Ales,1264.0
Allai,357.0
Gonnosnò,708.0
Villaricca,31356.0
Visciano,4150.0
Castel Gabbiano,476.0
Casaletto di Sopra,507.0
Maserada sul Piave,9145.0
Quinto di Treviso,9973.0
Volla,25531.0
San Polo di Piave,4884.0
Campiglia dei Berici,1663.0
Cisliano,5095.0
Chieve,2278.0
Bonarcado,1520.0
Vico Equense,20254.0
Gessate,8773.0
Vignate,9191.0
Sedriano,12760.0
Assago,9232.0
Torre Annunziata,40153.0
Modolo,170.0
Geraci Siculo,1702.0
Revine Lago,2094.0
Monte di Malo,2803.0
Lomagna,4964.0
Gadesco-Pieve Delmona,1891.0
Morgano,4424.0
Rosà,14632.0
Pederobba,7327.0
Bauladu,633.0
Baradili,78.0
Belfiore,3293.0
Istrana,9114.0
Caldiero,7924.0
Giavera del Montello,5124.0
Zero Branco,11592.0
Vazzola,6751.0
Gazzuolo,2072.0
Sabbioneta,4096.0
Pero,11606.0
Spinadesco,1449.0
Fiesco,1217.0
Mesero,4229.0
Vernate,3364.0
Boroneddu,150.0
Bosa,7487.0
Masullas,1005.0
Milis,1395.0
Acquanegra sul Chiese,2683.0
Curtatone,14607.0
Ghilarza,4175.0
Gonnoscodina,432.0
Brogliano,4004.0
Tezze sul Brenta,12920.0
Paderno Ponchielli,1312.0
Calco,5396.0
Norbello,1121.0
Cinisello Balsamo,74528.0
Locate di Triulzi,10297.0
Nureci,314.0
Camisano,1239.0
Sesto San Giovanni,78884.0
Genoni,764.0
Mogorella,408.0
Gonnostramatza,808.0
Laconi,1667.0
Ostiano,2710.0
Baratili San Pietro,1211.0
Baressa,559.0
Ollastra,1129.0
Loria,9242.0
Vedelago,16427.0
Morgongiori,660.0
Palmas Arborea,1475.0
Pau,274.0
Nughedu Santa Vittoria,434.0
Nurachi,1672.0
Marrubiu,4595.0
Opera,14245.0
Pieve Emanuele,15647.0
Belforte del Chienti,1825.0
Apiro,2035.0
Bellano,3420.0
Castel Goffredo,12622.0
Vanzago,9325.0
Bolognola,141.0
Caldarola,1591.0
Paulilatino,2107.0
Magomadas,605.0
Spormaggiore,1259.0
Aragona,8766.0
Taceno,568.0
Introbio,1918.0
Caprino Veronese,8698.0
Colle Umberto,5071.0
Mogoro,3892.0
Montresta,438.0
Tenna,1060.0
Tenno,2002.0
Affi,2428.0
Zugliano,6852.0
Stenico,1160.0
Strembo,596.0
Peschiera Borromeo,24304.0
Binasco,7079.0
Carrè,3504.0
San Giacomo delle Segnate,1487.0
Costermano sul Garda,3974.0
Bonavigo,2022.0
Garbagnate Monastero,2532.0
Gussola,2624.0
San Nicolò d'Arcidano,2476.0
Grumello Cremonese ed Uniti,1674.0
Scandolara Ravara,1306.0
Sirone,2315.0
Esino Lario,760.0
Abbasanta,2583.0
Spiazzo,1269.0
Telve,1906.0
Telve di Sopra,612.0
Lainate,26228.0
Castagnaro,3558.0
Pompu,220.0
Ruinas,599.0
Colognola ai Colli,8727.0
Zenson di Piave,1744.0
Narbolia,1660.0
Neoneli,607.0
Casalmaiocco,3183.0
Camerino,6150.0
Scano di Montiferro,1409.0
Sedilo,1956.0
Sporminore,715.0
Spineda,612.0
Garlate,2646.0
Izano,1940.0
Valmadrera,11131.0
Siapiccia,347.0
Terragnolo,707.0
Terzolas,633.0
Secugnago,1958.0
Settimo Milanese,19944.0
Malvagna,629.0
Samugheo,2757.0
Colmurano,1178.0
Cingoli,9584.0
Esanatoglia,1899.0
Fiastra,610.0
Camporotondo di Fiastrone,488.0
Castelraimondo,4343.0
Vailate,4623.0
Moggio,487.0
Trambileno,1471.0
Valfloriana,474.0
Vallarsa,1394.0
Gualdo,728.0
Loro Piceno,2132.0
Ton,1282.0
Castelsantangelo sul Nera,224.0
Cessapalombo,440.0
Simala,284.0
Simaxis,2131.0
Siris,227.0
Soddì,123.0
Sordio,3409.0
Tesero,2961.0
Tione di Trento,3664.0
Seneghe,1645.0
Zibido San Giacomo,6750.0
Sennariolo,156.0
Senis,406.0
Cinisi,11936.0
Morterone,32.0
Cavenago d’Adda,2110.0
Annone di Brianza,2281.0
San Giorgio su Legnano,6715.0
Terralba,9719.0
Tinnura,246.0
San Vero Milis,2422.0
Santa Giusta,4619.0
Isola Dovarese,1065.0
Trescore Cremasco,2827.0
Cremosano,1709.0
Gerre de' Caprioli,1310.0
Gorgonzola,21216.0
Trezzo sull'Adda,11951.0
Meleti,448.0
Torcegno,695.0
Girasole,1350.0
Ilbono,1979.0
Valgreghentino,3373.0
Castiglione delle Stiviere,23556.0
Vermiglio,1777.0
Solarussa,2280.0
Santo Stefano Ticino,4996.0
Olgiate Molgora,6277.0
Villanova Truschedu,285.0
Villaurbana,1462.0
Badia,3532.0
Castrofilippo,2618.0
Vescovato,3849.0
Madignano,2762.0
Inzago,11230.0
Volongo,467.0
Bresso,26001.0
Arconate,6756.0
Sini,440.0
Tresnuraghes,1016.0
Ula Tirso,462.0
Siamaggiore,871.0
Siamanna,766.0
Motta Camastra,794.0
Genivolta,1112.0
Imbersago,2483.0
Villa Lagarina,3889.0
Volano,3104.0
Palau,4048.0
Santu Lussurgiu,2215.0
Cicognolo,920.0
Cardedu,1946.0
Giustino,739.0
San Bassano,2094.0
Sergnano,3526.0
Senago,21372.0
Tramatza,931.0
Rogeno,3010.0
Moglia,5374.0
Elini,556.0
Gairo,1285.0
Bonemerse,1454.0
Galbiate,8422.0
Loceri,1284.0
Lotzorai,2118.0
Sorradile,345.0
Suni,977.0
Uras,2672.0
Corridonia,14670.0
Portobuffolé,742.0
Segrate,36911.0
Basiano,3684.0
Anela,567.0
Fiuminata,1276.0
Gagliole,508.0
Usellus,710.0
Villa Sant'Antonio,331.0
Baunei,3428.0
Angri,33972.0
Montallegro,2377.0
Cattolica Eraclea,3300.0
Jerzu,3000.0
Posta,557.0
Pozzaglia Sabina,301.0
Appignano,4048.0
Acerno,2541.0
Supino,4602.0
Badesi,1821.0
San Giovanni in Croce,1900.0
Pianengo,2533.0
Rocca Sinibalda,791.0
Roccantica,545.0
Arzana,2233.0
Bari Sardo,3837.0
Albanella,6227.0
Alfano,953.0
Suello,1750.0
Grigno,2034.0
Imer,1184.0
Perdasdefogu,1726.0
Seui,1155.0
Salisano,471.0
Scandriglia,3255.0
Tadasuni,137.0
Recoaro Terme,5742.0
Monteviale,2792.0
Albairate,4723.0
Bubbiano,2478.0
Urzulei,1092.0
Ussassai,450.0
Belvì,556.0
Agropoli,21262.0
Aglientu,1169.0
Alà dei Sardi,1760.0
Talana,954.0
Banari,516.0
Benetutti,1686.0
Ardara,729.0
Colico,8074.0
Giovo,2537.0
Castellana Sicula,3020.0
Rivodutri,1149.0
Villa Verde,277.0
Cologno Monzese,46707.0
Bareggio,17213.0
Torrice,4692.0
Trevi nel Lazio,1718.0
Tertenia,3867.0
Triei,1057.0
Aggius,1403.0
Altavilla Silentina,6939.0
Amalfi,4729.0
Osini,709.0
Luogosanto,1828.0
Luras,2384.0
Isera,2785.0
Lavis,9150.0
Stimigliano,2177.0
Tarano,1387.0
Berchidda,2594.0
Ascea,5750.0
Atena Lucana,2346.0
Strangolagalli,2306.0
Villagrande Strisaili,2972.0
La Maddalena,10592.0
Bracigliano,5322.0
Buccino,4569.0
San Giuliano Milanese,39444.0
Sora,24884.0
Levico Terme,8167.0
Buonabitacolo,2395.0
Caggiano,2523.0
Bono,3313.0
Calangianus,3813.0
Golfo Aranci,2365.0
Ulassai,1366.0
Monti,2327.0
Atzara,999.0
Austis,744.0
Atrani,797.0
Auletta,2124.0
Ledro,5317.0
Aritzo,1187.0
Vallemaio,892.0
Loiri Porto San Paolo,3679.0
Villa Santo Stefano,1612.0
Viticuso,304.0
Torricella in Sabina,1327.0
Aquara,1342.0
Baronissi,16805.0
Birori,498.0
Bitti,2584.0
Bellosguardo,682.0
Borore,1956.0
Bortigali,1214.0
Bortigiadas,714.0
Buddusò,3609.0
Trivigliano,1613.0
Vallecorsa,2407.0
Vico nel Lazio,2058.0
Villa Latina,1148.0
Sant'Antonio di Gallura,1431.0
Oschiri,3018.0
Padru,2069.0
Santa Teresa Gallura,5025.0
Camerota,6875.0
Campagna,16668.0
Campora,311.0
Cannalonga,951.0
Desulo,2075.0
Agosta,1707.0
Allumiere,3754.0
Varco Sabino,171.0
Lampedusa e Linosa,6505.0
Bolotana,2358.0
Turania,234.0
Vacone,233.0
Bonorva,3189.0
Borutta,254.0
Selci,1109.0
Anzio,58949.0
Colli sul Velino,452.0
Termoli,32235.0
Zuccarello,280.0
Portofino,355.0
Villa Santa Lucia,2502.0
Casal Velino,5333.0
Casalbuono,1042.0
Battipaglia,49415.0
Bellizzi,13229.0
Casaletto Spartano,1275.0
Caselle in Pittari,1866.0
Toffia,1075.0
Torri in Sabina,1211.0
Castel San Lorenzo,2205.0
Castelcivita,1441.0
Calvanico,1393.0
Dorgali,8333.0
Dualchi,574.0
Ravanusa,10349.0
Roccalumera,3940.0
Aci Bonaccorsi,3499.0
Aci Castello,17852.0
Aci Catena,27790.0
Budoni,5438.0
Latera,766.0
Agugliano,4799.0
Arcinazzo Romano,1226.0
Gavoi,2483.0
Capaccio Paestum,22182.0
Cefalù,13881.0
Telti,2227.0
Trinità d'Agultu e Vignola,2238.0
Affile,1432.0
Albenga,23376.0
Anguillara Sabazia,19091.0
Anticoli Corrado,833.0
Luserna,267.0
Carloforte,5925.0
Camerata Picena,2486.0
Bessude,383.0
Bronzolo,2724.0
Terelle,303.0
Torre Cajetani,1293.0
Lei,465.0
Vallerotonda,1396.0
Vicalvi,733.0
Lodè,1510.0
Lula,1253.0
Castel San Giorgio,13688.0
Artena,13616.0
Bellegra,2649.0
Arcevia,4231.0
Barbara,1271.0
Avelengo,796.0
Verano,985.0
Castelsardo,5656.0
Galtellì,2354.0
Aldino,1629.0
Andriano,1025.0
Capena,10795.0
Capranica Prenestina,306.0
Gadoni,676.0
Cervara di Roma,449.0
Cerreto Laziale,1078.0
Belvedere Ostrense,2093.0
Camerano,7084.0
Acquaviva Platani,869.0
Acquedolci,5483.0
Cerveteri,37855.0
Barbiano,1737.0
Braies,683.0
Cerreto d'Esi,3374.0
Chiaravalle,14289.0
Cermes,1576.0
Chienes,3018.0
Ariccia,17987.0
Arsoli,1372.0
Ardea,49057.0
Campagnano di Roma,10966.0
Canale Monterano,4169.0
Campo di Trens,2674.0
Ciampino,38595.0
Ciciliano,1236.0
Irgoli,2199.0
Malé,2268.0
Castiglione del Genovesi,1308.0
Anterivo,393.0
Civitavecchia,51653.0
Caines,386.0
Campo Tures,5717.0
Castelnuovo Cilento,2790.0
Castelnuovo di Conza,548.0
Diano San Pietro,1081.0
Pietracatella,1240.0
Aci Sant'Antonio,18025.0
Castelbello-Ciardes,2335.0
Castelrotto,6967.0
Colliano,3441.0
Fonte Nuova,32684.0
Formello,13614.0
Civitella San Paolo,1999.0
Colleferro,20536.0
Mamoiada,2385.0
Castelbellino,4919.0
Castelfidardo,18419.0
Brennero,2328.0
Colonna,4240.0
Storo,4498.0
Camerata Nuova,403.0
Contursi Terme,3207.0
Corbara,2507.0
Adrano,33899.0
Maiolati Spontini,5986.0
Mergo,996.0
Olzai,765.0
Bracciano,18380.0
Castel San Pietro Romano,846.0
Castelnuovo di Porto,8567.0
Orgosolo,3930.0
Mezzano,1587.0
Monsano,3289.0
Monte Roberto,3027.0
Genga,1682.0
Loreto,12899.0
Canterano,368.0
Cornedo all’Isarco,3468.0
Chiusa,5196.0
Borgo a Mozzano,6666.0
Favignana,4525.0
Gallicano nel Lazio,6522.0
Castel Madama,7069.0
Onanì,358.0
Mezzana,880.0
Novara di Sicilia,1174.0
Carpineto Romano,4025.0
Fisciano,14053.0
Cuccaro Vetere,530.0
Cetara,1967.0
Celle di Bulgheria,1733.0
Centola,4983.0
Corleto Monforte,507.0
Genazzano,5614.0
Genzano di Roma,22865.0
Barga,9415.0
Gavignano,1891.0
Orani,2699.0
Filottrano,8917.0
Onifai,703.0
Oniferi,859.0
Fiano Romano,16679.0
Filacciano,464.0
Monte San Vito,6704.0
Loculi,491.0
Lodine,305.0
Gerano,1152.0
Gorga,665.0
Lanuvio,12858.0
Pitigliano,3586.0
Macomer,9334.0
Grottaferrata,20494.0
Furore,688.0
Futani,1091.0
Oliena,6582.0
Ollolai,1174.0
Meana Sardo,1596.0
Noragugume,278.0
Camaiore,31810.0
Corinaldo,4767.0
Eboli,37340.0
Felitto,1144.0
Camporgiano,2009.0
Capannori,46253.0
Mazzin,592.0
Montieri,1194.0
Orbetello,14292.0
Giffoni Sei Casali,4967.0
Giffoni Valle Piana,11520.0
Casape,638.0
Castel Gandolfo,8564.0
Conca dei Marini,664.0
Controne,773.0
Roccalbegna,918.0
Roccastrada,8747.0
Montecarotto,1836.0
Montemarciano,9762.0
Careggine,511.0
Minucciano,1805.0
Molazzana,992.0
Orotelli,1891.0
Ortueri,1025.0
Laureana Cilento,1195.0
Laurino,1273.0
Sorano,3038.0
Scansano,4310.0
Scarlino,3746.0
Orosei,6809.0
Cupramontana,4364.0
Falconara Marittima,25530.0
Sirolo,4097.0
Staffolo,2087.0
Mezzolombardo,7519.0
Dambel,412.0
Morro d'Alba,1798.0
Castelleone di Suasa,1542.0
Castelplanio,3531.0
Osidda,217.0
Gioi,1106.0
Coreglia Antelminelli,5069.0
Forte dei Marmi,6861.0
Labico,6465.0
Ladispoli,40658.0
Molveno,1108.0
Mori,10106.0
Mazzano Romano,2948.0
Mentana,22544.0
Santa Fiora,2490.0
Jenne,325.0
Numana,3741.0
Offagna,2047.0
Mercato San Severino,21634.0
Minori,2578.0
Poggio San Marcello,672.0
Polverigi,4582.0
Seggiano,970.0
Semproniano,962.0
Manziana,7792.0
Montecarlo,4389.0
Pescaglia,3285.0
Ceraso,2253.0
Cicerale,1185.0
Magliano Romano,1389.0
Mandela,910.0
Barrali,1096.0
Aprilia,74126.0
Ostra,6282.0
Ostra Vetere,3110.0
Fosciandora,561.0
Gallicano,3593.0
Rosora,1818.0
San Marcello,1996.0
Lariano,13212.0
Licenza,889.0
Altopascio,15784.0
Bagni di Lucca,5592.0
Mezzocorona,5464.0
Ottana,2164.0
Ovodda,1520.0
Monte Porzio Catone,8581.0
Montelanico,2053.0
Montorio Romano,1929.0
Bassiano,1440.0
Moio della Civitella,1805.0
Montano Antilia,1679.0
Castelnuovo di Garfagnana,5623.0
Castiglione di Garfagnana,1705.0
Giungano,1281.0
Ispani,970.0
Monte San Giacomo,1414.0
Marino,46347.0
Monte Compatri,11852.0
Sarule,1526.0
Silanus,1984.0
Pieve Fosciana,2233.0
Porcari,8788.0
Nago-Torbole,2788.0
Nomi,1307.0
Vagli Sotto,834.0
Viareggio,60579.0
Lustra,990.0
Magliano Vetere,589.0
Campodimele,560.0
Castelforte,4025.0
Piazza al Serchio,2101.0
Pietrasanta,22870.0
Fondi,39550.0
Cisterna di Latina,36266.0
Cori,10366.0
Fonni,3639.0
Sindia,1583.0
Siniscola,11189.0
Ossana,819.0
Nerola,1905.0
Maiori,5359.0
Serra de' Conti,3559.0
Serra San Quirico,2540.0
Marano Equo,778.0
Marcellina,7022.0
Nazzano,1348.0
Nemi,1877.0
Monteforte Cilento,539.0
Montesano sulla Marcellana,6206.0
Zoagli,2317.0
Villa Basilica,1474.0
Tiana,435.0
Percile,219.0
Pisoniano,731.0
Villa Collemandina,1202.0
Massarosa,21732.0
Morigerati,608.0
Nocera Inferiore,44037.0
Tonara,1747.0
Torpè,2683.0
San Romano in Garfagnana,1337.0
Palombara Sabina,12873.0
Novi Velia,2335.0
Ogliastro Cilento,2259.0
Sassoferrato,6841.0
Senigallia,43863.0
Peio,1817.0
Pelugo,408.0
Pozzilli,2190.0
Accumoli,522.0
Montelibretti,5132.0
Monterotondo,40979.0
Poli,2220.0
Bottidda,646.0
Sorgono,1491.0
Teti,593.0
Formia,37136.0
Gaeta,19423.0
Osimo,34687.0
Novaledo,1114.0
Ospedaletto,796.0
Pergine Valsugana,21572.0
Pieve Tesino,648.0
Pinzolo,3042.0
Itri,10357.0
Antrodoco,2334.0
Ascrea,212.0
Montecorice,2541.0
Montecorvino Rovella,12202.0
Amatrice,2251.0
San Paolo di Jesi,894.0
Santa Maria Nuova,3942.0
Ripabottoni,443.0
Agnone,4665.0
Moricone,2429.0
Morlupo,8485.0
Ittireddu,469.0
Ittiri,8026.0
Cargeghe,580.0
Cossoine,761.0
Erula,688.0
Seravezza,12364.0
Stazzema,2856.0
Bultei,829.0
Laviano,1326.0
Oliveto Citra,3623.0
Esporlatu,375.0
Nocera Superiore,23736.0
Collegiove,128.0
Collevecchio,1581.0
Palù del Fersina,162.0
Panchià,811.0
Rabbi,1350.0
Romeno,1452.0
Contigliano,3674.0
Omignano,1647.0
Orria,981.0
Forano,3148.0
Frasso Sabino,754.0
Nettuno,48033.0
Olevano Romano,6371.0
Belmonte in Sabina,636.0
Borbona,576.0
Roncegno Terme,2927.0
Roccagorga,4169.0
Roccasecca dei Volsci,1043.0
Ronchi Valsugana,450.0
Ronzo-Chienis,998.0
Casperia,1178.0
Castel Sant’Angelo,1174.0
Cantalupo in Sabina,1656.0
Casaprota,692.0
Cheremule,396.0
Chiaramonti,1532.0
Bulzi,453.0
Burgos,855.0
Pomarolo,2441.0
Predazzo,4500.0
Illorai,751.0
Laerru,847.0
Mara,527.0
Palestrina,22120.0
Castel di Tora,266.0
Olmedo,4168.0
Florinas,1442.0
Borgo Velino,925.0
Ruffré-Mendola,420.0
Rumo,791.0
Lenola,4055.0
Ottati,606.0
Padula,4903.0
Borgorose,4218.0
Cantalice,2438.0
Monteleone Rocca Doria,105.0
Ossi,5466.0
Ozieri,9836.0
Codrongianos,1275.0
Perdifumo,1765.0
Perito,816.0
Nule,1283.0
Nulvi,2636.0
Palomonte,3715.0
Pellezzano,10920.0
Cottanello,526.0
Fara in Sabina,13835.0
Pagani,34044.0
San Felice Circeo,10137.0
Santi Cosma e Damiano,6885.0
Alia,3305.0
Gangi,6110.0
Mores,1720.0
Muros,818.0
Cittareale,401.0
Collalto Sabino,391.0
Pontinia,15046.0
Ponza,3289.0
Castelnuovo di Farfa,1000.0
Cittaducale,6443.0
Maenza,2952.0
Minturno,20268.0
Priverno,13735.0
Monte San Biagio,6044.0
Norma,3623.0
Giave,484.0
Pertosa,656.0
Osilo,2794.0
Nughedu San Nicolò,744.0
Leonessa,2110.0
Mompeo,508.0
Petina,1021.0
Sfruz,369.0
Vasanello,3987.0
Ronzone,474.0
Roveré della Luna,1620.0
Colle di Tora,363.0
Nuvolento,3864.0
Prossedi,1137.0
Rocca Massima,1064.0
Martis,466.0
Concerviano,282.0
Configni,574.0
Sperlonga,3050.0
Spigno Saturnia,2852.0
Sonnino,7352.0
Montopoli di Sabina,4084.0
Morro Reatino,321.0
Terracina,44720.0
Greccio,1495.0
Labro,355.0
Longone Sabino,526.0
Magliano Sabina,3433.0
Sabaudia,19434.0
Marcetelli,70.0
Micigliano,113.0
Soraga di Fassa,700.0
Sover,772.0
Sant'Orsola Terme,1115.0
Tirolo,2459.0
San Martino in Passiria,3254.0
Petrella Salto,1026.0
Vejano,2143.0
Vetralla,13279.0
San Pancrazio,1527.0
Montebuono,811.0
Monteleone Sabino,1169.0
Vignanello,4279.0
Villa San Giovanni in Tuscia,1196.0
San Michele all'Adige,4049.0
Terento,1775.0
Senales,1237.0
Pozzomaggiore,2376.0
Putifigari,676.0
Ploaghe,4274.0
Velturno,3032.0
San Leonardo in Passiria,3614.0
San Lorenzo di Sebato,3836.0
Ferla,2305.0
Nespolo,194.0
Orvinio,396.0
Sermoneta,10037.0
Sezze,23697.0
Vadena,1094.0
Visone,1128.0
Sanzeno,923.0
Sarnonico,788.0
Giuliana,1683.0
Polizzi Generosa,2908.0
Pattada,2855.0
Perfugas,2252.0
Stintino,1549.0
Tergu,607.0
Montasola,391.0
Monte San Giovanni in Sabina,643.0
Poggio Mirteto,6140.0
Poggio Moiano,2808.0
Valentano,2729.0
Vallerano,2403.0
Thiesi,2773.0
Nave,10552.0
Niardo,1941.0
Poggio Nativo,2592.0
Poggio San Lorenzo,547.0
Bressanone,22816.0
Nuvolera,4709.0
Odolo,1914.0
Scurelle,1335.0
Segonzano,1369.0
Mura,777.0
Muscoline,2691.0
Padria,599.0
Offlaga,4078.0
Ome,3153.0
Poggio Bustone,1959.0
Poggio Catino,1269.0
Bibbiano,10140.0
Boretto,5231.0
Ono San Pietro,965.0
Orzinuovi,12388.0
Santa Cristina Valgardena,1982.0
Scena,3030.0
Porto Torres,21029.0
Paganico Sabino,156.0
Pescorocchiano,1872.0
Vitorchiano,5256.0
Zeddiani,1128.0
Santa Maria Coghinas,1307.0
Baiso,3208.0
Ospitaletto,14694.0
Ossimo,1458.0
Montenero Sabino,276.0
Sorso,14397.0
Tissi,2333.0
Torralba,888.0
Portovenere,3268.0
Valledoria,4298.0
Tires,997.0
Vimercate,25876.0
Canossa,3759.0
Trecastelli,7500.0
Vallefoglia,14935.0
Castelfranco Piandiscò,9774.0
Selva dei Molini,1402.0
Tesimo,1978.0
Sant'Elia a Pianisi,1554.0
Pesche,1494.0
Semestene,130.0
Sennori,6857.0
Trodena nel parco naturale,1031.0
Tubre,950.0
Cernusco sul Naviglio,34848.0
Uri,2827.0
Usini,4213.0
Gattatico,5657.0
Gualtieri,6241.0
Fabbrico,6652.0
Castelnovo di Sotto,8484.0
Castelnovo ne' Monti,10294.0
Cavriago,9842.0
Correggio,25074.0
Gais,3205.0
Gargazzone,1767.0
Orzivecchi,2449.0
Albinea,8817.0
Bagnolo in Piano,9556.0
Poviglio,7018.0
Quattro Castella,13109.0
Brescello,5630.0
Cadelbosco di Sopra,10613.0
Val Brembilla,4135.0
Maccagno con Pino e Veddasca,2407.0
Oriolo,1833.0
Sagama,190.0
Arzachena,13362.0
Villandro,1904.0
Carpanzano,205.0
Tula,1431.0
Laces,5177.0
Lagundo,4964.0
Val di Vizze,3093.0
Valle di Casies,2320.0
Paitone,2176.0
Palazzolo sull'Oglio,20106.0
Bidonì,126.0
Dimaro Folgarida,2089.0
Borgomezzavalle,292.0
Altopiano della Vigolana,5110.0
Amblar-Don,543.0
Verderio,5497.0
Mappano,7359.0
Novellara,13203.0
Guastalla,14591.0
Montecchio Emilia,10398.0
Borgo Chiese,1928.0
Castel Ivano,3267.0
Madruzzo,2959.0
Porte di Rendena,1783.0
Tre Ville,1364.0
Cantiano,1999.0
Carpegna,1642.0
Fabbriche di Vergemoli,716.0
Figline e Incisa Valdarno,23051.0
Scarperia e San Piero,12001.0
Campagnola Emilia,5476.0
Campegine,5300.0
Capalbio,3838.0
Castel del Piano,4733.0
Viddalba,1597.0
Villanova Monteleone,2091.0
San Lorenzo Dorsino,1577.0
Valdaone,1152.0
La Valletta Brianza,4647.0
Primiero San Martino di Castrozza,5016.0
Rio Saliceto,6000.0
Rolo,3989.0
Carpineti,3895.0
Casalgrande,18937.0
Valle Aurina,5948.0
Pratovecchio Stia,5437.0
Pietramontecorvino,2460.0
Arcidosso,4165.0
Campagnatico,2345.0
Valfornace,909.0
Val Liona,3072.0
Sermide e Felonica,7109.0
Casali del Manco,9517.0
Castelgerundo,1448.0
Sant'Ilario d'Enza,11258.0
Scandiano,25686.0
Sissa Trecasali,7846.0
Colverde,5456.0
Borgo Virgilio,14857.0
Cornale e Bastida,798.0
Varna,4993.0
Villabassa,1612.0
Glorenza,937.0
La Valle,1398.0
Vallelaghi,5194.0
Ville d'Anaunia,4706.0
Altavalle,1635.0
Sella Giudicarie,2904.0
Polesine Zibello,3099.0
Montescudo-Monte Colombo,6770.0
Corteolona e Genzone,2526.0
Lauregno,317.0
Ne,2128.0
Tremezzina,4993.0
Rivignano Teor,6198.0
Casina,4541.0
Castellarano,15246.0
Predaia,6837.0
Sillano Giuncugnano,991.0
Valvasone Arzene,3957.0
Urbania,6836.0
Acqualagna,4151.0
Abetone Cutigliano,1825.0
San Marcello Piteglio,7630.0
Terre del Reno,9962.0
Alta Valle Intelvi,3098.0
Toano,4141.0
Bivona,3214.0
Alpago,6612.0
Val di Zoldo,2745.0
Montalto Carpasio,510.0
Viano,3393.0
Villa Minozzo,3493.0
Apecchio,1704.0
Belforte all'Isauro,737.0
Malles Venosta,5246.0
Marebbe,3162.0
Fermignano,8254.0
Fossombrone,9042.0
Borgo Mantovano,5291.0
Alta Val Tidone,2907.0
Centro Valle Intelvi,3658.0
Laterina Pergine Valdarno,6366.0
Alto Sermenza,145.0
San Giovanni di Fassa,3573.0
Valvarrone,496.0
Rio,3342.0
Alluvioni Piovera,1618.0
Marlengo,2838.0
Perca,1691.0
Civitella Paganico,2900.0
Follonica,20399.0
Castiglione della Pescaia,7121.0
Cinigiano,2384.0
Licata,34287.0
Gavorrano,8229.0
Velletri,52528.0
Borgo Pace,517.0
Cagli,7943.0
Frascati,22794.0
Martello,831.0
Lana,12477.0
Lasa,4094.0
Cartoceto,8010.0
Pomezia,64119.0
Ponzano Romano,1212.0
Canicattì,34449.0
Casteltermini,7269.0
Vetto,1786.0
Vezzano sul Crostolo,4334.0
Albano Laziale,39718.0
Cammarata,5896.0
Ziano di Fiemme,1755.0
Zignago,463.0
Cianciana,3103.0
Pavone del Mella,2660.0
Pertica Alta,553.0
Laion,2769.0
Comitini,852.0
Favara,31593.0
Burgio,2497.0
Calamonaci,1158.0
Rubiera,14680.0
San Martino in Rio,8202.0
Meltina,1723.0
Alessandria della Rocca,2452.0
Padenghe sul Garda,4828.0
Paderno Franciacorta,3635.0
Pezzaze,1445.0
Pian Camuno,4759.0
Riano,10322.0
Rignano Flaminio,10135.0
Caltabellotta,3194.0
Camastra,2010.0
Campobello di Licata,9062.0
Monguelfo-Tesido,2902.0
Luson,1580.0
Magrè sulla Strada del Vino,1300.0
Erice,26089.0
Raffadali,12008.0
Realmonte,4378.0
Ribera,17836.0
Riofreddo,737.0
San Giovanni Gemini,7517.0
Montevago,2695.0
Naro,7007.0
Palma di Montechiaro,21373.0
Pieve di Bono-Prezzo,1440.0
Contà,1404.0
Borgo Lares,714.0
Cembra Lisignago,2308.0
Taormina,10471.0
Grotte,5209.0
Joppolo Giancaxio,1082.0
Pompiano,3707.0
Carrodano,473.0
Bompietro,1197.0
Rocca Canterano,174.0
Rocca Priora,12040.0
Augusta,34658.0
Roiate,648.0
Roviano,1234.0
Pontevico,6978.0
Pontoglio,6943.0
Zerfaliu,999.0
Ventimiglia,22851.0
Pertica Bassa,555.0
Lucca Sicula,1719.0
Menfi,11814.0
Rocca Santo Stefano,912.0
Rocca di Cave,351.0
Paratico,4959.0
Paisco Loveno,172.0
Sambuca di Sicilia,5341.0
San Biagio Platani,2860.0
Roccagiovine,258.0
Sant'Angelo Romano,4920.0
Sant'Oreste,3479.0
Piancogno,4774.0
Pisogne,7858.0
San Polo d'Enza,6138.0
Polaveno,2459.0
Polpenazze del Garda,2710.0
Poncarale,5184.0
Ponte di Legno,1745.0
San Gregorio da Sassola,1438.0
San Polo dei Cavalieri,2756.0
Frontino,300.0
Frontone,1218.0
Portoscuso,4835.0
Fratte Rosa,847.0
Paspardo,579.0
Passirano,6889.0
Ustica,1311.0
Gabicce Mare,5496.0
Gradara,4889.0
Orune,2138.0
Sestri Levante,17349.0
Rovato,19277.0
Roè Volciano,4342.0
Torrita Tiberina,1085.0
Remedello,3374.0
Rezzato,13337.0
Aldeno,3228.0
Andalo,1147.0
Vivaro Romano,153.0
Ala,8806.0
Riva del Garda,17787.0
San Vito Romano,3058.0
Sambuci,829.0
San Cesareo,15988.0
Segni,8959.0
Carugo,6555.0
Lona-Lases,865.0
Pralboino,2778.0
Preseglie,1475.0
Prevalle,6781.0
Mombaroccio,2097.0
Mondavio,3634.0
Santa Marinella,18397.0
Saracinesco,162.0
Rocca di Papa,17512.0
Pozzolengo,3582.0
Albiano,1503.0
Bedollo,1480.0
Alzate Brianza,4822.0
Monterotondo Marittimo,1283.0
Piandimeleto,2029.0
Pietrarubbia,601.0
Piobbico,1802.0
Provaglio d'Iseo,7122.0
Puegnago del Garda,3447.0
Porto Empedocle,15600.0
Racalmuto,7650.0
Fiamignano,1194.0
Isola del Giglio,1330.0
Sacrofano,7380.0
Isola del Piano,543.0
Lunano,1426.0
Montecopiolo,1028.0
Montefelcino,2506.0
Macerata Feltria,1889.0
Mercatello sul Metauro,1326.0
Mercatino Conca,1033.0
Trevignano Romano,5865.0
Vallepietra,239.0
Pergola,5784.0
Montelabbate,7008.0
Monreale,38698.0
Provaglio Val Sabbia,872.0
Vallinfreda,290.0
Valmontone,15661.0
Baselga di Piné,5127.0
Mondolfo,14252.0
Monte Cerignone,604.0
Albavilla,6337.0
Albese con Cassano,4175.0
Asso,3541.0
Quinzano d'Oglio,6194.0
Bellagio,3566.0
Bene Lario,351.0
Montecalvo in Foglia,2714.0
Saviore dell'Adamello,795.0
Albiolo,2713.0
Alserio,1371.0
Roncadelle,9201.0
Sale Marasino,3255.0
Sassofeltrio,1353.0
Serra Sant'Abbondio,904.0
Anzano del Parco,1733.0
Appiano Gentile,7686.0
Subiaco,8466.0
Tolfa,4761.0
Canzo,5062.0
Bleggio Superiore,1517.0
Linguaglossa,5003.0
Galluccio,2036.0
Giano Vetusto,638.0
Petriano,2762.0
San Lorenzo in Campo,3161.0
Sant'Ippolito,1475.0
Tavoleto,825.0
Marcianise,38335.0
Mignano Monte Lungo,3004.0
Vicovaro,3561.0
Magliano in Toscana,3286.0
Manciano,7052.0
Brunate,1587.0
Bulgarograsso,4003.0
Caglio,492.0
Beregazzo con Figliaro,2808.0
Binago,4829.0
Bizzarone,1757.0
Blessagno,296.0
Avio,4098.0
Sellero,1388.0
Falciano del Massico,3363.0
San Gervasio Bresciano,2676.0
San Paolo,4406.0
Monte Grimano Terme,1094.0
Monte Porzio,2778.0
Blevio,1082.0
Besenello,2777.0
Barni,576.0
Gallo Matese,479.0
Salò,10417.0
San Felice del Benaco,3461.0
Fontegreca,754.0
Formicola,1367.0
Monte Argentario,11888.0
Gioia Sannitica,3289.0
Grazzanise,6723.0
Bocenago,395.0
Carbonate,2898.0
Carimate,4363.0
Cabiate,7327.0
Cadorago,7983.0
Massa Marittima,8139.0
Roccafranca,4854.0
Rodengo-Saiano,9865.0
Bregnano,6390.0
Brenna,2180.0
Casnate con Bernate,5009.0
Cassina Rizzardi,3294.0
Francolise,4640.0
Frignano,8944.0
Argegno,691.0
Arosio,5135.0
Mondragone,28622.0
Orta di Atella,27203.0
Bresimo,248.0
Sant'Elena Sannita,292.0
San Costanzo,4545.0
Carlazzo,3175.0
Caslino d'Erba,1653.0
Gricignano di Aversa,12690.0
Castelmarte,1247.0
Castelnuovo Bozzente,897.0
Pastorano,2884.0
Piana di Monte Verna,2066.0
Pontelatone,1525.0
Brentonico,4077.0
Cermenate,9378.0
Cernobbio,6356.0
Tavullia,7888.0
Rapallo,29103.0
Rudiano,5899.0
Sabbio Chiese,4001.0
San Zeno Naviglio,4671.0
Sarezzo,13129.0
Raviscanina,1162.0
Parete,12354.0
Claino con Osteno,546.0
Colonno,452.0
Cirimido,2091.0
Pachino,21714.0
Levanto,5140.0
Cavargna,182.0
Cerano d'Intelvi,590.0
Maddaloni,36834.0
Recale,7618.0
Riardo,2238.0
Piedimonte Matese,10158.0
Pietramelara,4495.0
Brunico,16978.0
Caderzone Terme,688.0
Letino,631.0
Liberi,1083.0
San Biagio della Cima,1226.0
San Giovanni in Galdo,518.0
Sesto,1838.0
Calceranica al Lago,1395.0
Portico di Caserta,7732.0
Prata Sannita,1362.0
Corrido,845.0
Laives,18162.0
Capiago Intimiano,5461.0
Carate Urio,1126.0
Bondone,641.0
Borgo Valsugana,7021.0
Appiano sulla Strada del Vino,14800.0
San Prisco,12110.0
San Tammaro,5717.0
Lavarone,1186.0
Montagnareale,1393.0
Bieno,466.0
Brienno,334.0
Rocca d'Evandro,3023.0
Roccamonfina,3174.0
Capriana,587.0
Salorno sulla Strada del Vino,3766.0
Castellaro,1286.0
Roccaromana,819.0
Ruviano,1705.0
San Pietro Infine,838.0
San Potito Sannitico,1965.0
Campodenno,1498.0
Canal San Bovo,1476.0
Sant'Arpino,14986.0
Santa Maria Capua Vetere,31906.0
Serra Riccò,7533.0
Pratella,1408.0
Presenzano,1619.0
Frazzanò,587.0
Castello Tesino,1160.0
Vipiteno,6915.0
Colli a Volturno,1270.0
Lusciano,16040.0
Macerata Campania,10057.0
Campo Ligure,2777.0
Masone,3358.0
Santa Maria a Vico,14277.0
Santa Maria la Fossa,2565.0
Busalla,5091.0
Casella,3098.0
Canazei,1831.0
Ceranesi,3591.0
Mignanego,3529.0
Ortisei,4793.0
Sarentino,7181.0
Sant'Angelo d'Alife,2065.0
Isola del Cantone,1385.0
Montoggio,1998.0
Pietravairano,2830.0
Pignataro Maggiore,5733.0
Sessa Aurunca,20209.0
Arenzano,11074.0
Caldes,1102.0
Caldonazzo,3904.0
San Felice a Cancello,16842.0
San Gregorio Matese,872.0
Fontanigorda,233.0
Rossiglione,2523.0
Campomorone,6476.0
Sparanise,7199.0
Succivo,8722.0
Valle di Maddaloni,2638.0
Carisolo,941.0
Funes,2550.0
Gorreto,92.0
Montebruno,200.0
San Marcellino,14717.0
San Marco Evangelista,6419.0
Giardinello,2262.0
Naz-Sciaves,3354.0
Cortaccia sulla Strada del Vino,2194.0
Airole,365.0
San Cipriano d'Aversa,13136.0
Prizzi,4172.0
Castelnuovo,1089.0
Villa di Briano,7338.0
Vitulazio,7646.0
Naturno,6066.0
Monte Vidon Corrado,678.0
Montefalcone Appennino,369.0
Cavedago,568.0
Cavalese,4010.0
Amandola,3266.0
Altidona,3538.0
Crocefieschi,518.0
Carzano,510.0
Castel Condino,223.0
Cavareno,1122.0
San Nicola la Strada,22113.0
Uscio,2119.0
Vairano Patenora,6327.0
Valle Agricola,751.0
Monsampietro Morico,607.0
Montappone,1541.0
Calliano,2048.0
Campitello di Fassa,710.0
Porto San Giorgio,15618.0
Savignone,3015.0
Valbrevenna,742.0
Massa Fermana,882.0
Montefortino,1047.0
Teverola,14743.0
Trentola Ducenta,20331.0
Belmonte Piceno,574.0
Campofilone,1892.0
Lumarzo,1419.0
Neirone,848.0
Francavilla d'Ete,926.0
Grottazzolina,3174.0
Teano,11289.0
Ronco Scrivia,4151.0
Cavedine,3077.0
Moresco,516.0
Ortezzano,740.0
Propata,118.0
Rondanina,63.0
Pedaso,2832.0
Petritoli,2160.0
Porto Sant'Elpidio,25600.0
Santa Vittoria in Matenano,1189.0
Falerone,3124.0
Santo Stefano d'Aveto,998.0
Borzonasca,1824.0
Montelparo,702.0
Montottone,891.0
Davagna,1838.0
Fascia,70.0
Orero,497.0
Pieve Ligure,2402.0
Sori,3992.0
Recco,9399.0
Monteleone di Fermo,347.0
Cogoleto,8453.0
Mele,2522.0
Monte Giberto,723.0
Monte Rinaldo,317.0
Monte San Pietrangeli,2241.0
Cavizzana,236.0
Rovegno,486.0
Torriglia,2223.0
Sant'Elpidio a Mare,16503.0
Palata,1535.0
Santa Margherita Ligure,8515.0
Vobbia,373.0
Tiglieto,473.0
Bargagli,2556.0
Casarza Ligure,6687.0
Castiglione Chiavarese,1586.0
Siculiana,4161.0
Santa Elisabetta,2182.0
Lavagna,12296.0
Chiavari,27307.0
Mezzanego,1513.0
Nova Levante,2034.0
Nova Ponente,4034.0
Lapedona,1161.0
Magliano di Tenna,1414.0
San Colombano Certenoli,2625.0
Tribogna,580.0
Petacciato,3457.0
Rotello,1098.0
Salcito,630.0
Ponzano di Fermo,1632.0
Rapagnano,1908.0
Portocannone,2335.0
Provvidenti,107.0
Leivi,2426.0
Lorsica,395.0
Parcines,3876.0
Montegiorgio,6368.0
Monterubbiano,1996.0
Sutera,1178.0
Vallelunga Pratameno,3113.0
Avegno,2579.0
Bogliasco,4418.0
Montagna sulla Strada del Vino,1704.0
Cogorno,5673.0
Coreglia Ligure,257.0
Roccavivara,622.0
Butera,4164.0
Campofranco,2656.0
Montedoro,1379.0
Mussomeli,9913.0
Riccia,4814.0
Ripalimosani,3019.0
Riesi,10502.0
San Cataldo,20939.0
Carasco,3726.0
Cicagna,2199.0
Rifiano,1365.0
Moneglia,2528.0
Rezzoaglio,862.0
Favale di Malvaro,428.0
Santo Stefano Quisquina,4070.0
Sciacca,38967.0
Monte Urano,7812.0
Monte Vidon Combatte,393.0
Racines,4593.0
Renon,8052.0
Villalba,1407.0
Tavenna,601.0
Vinchiaturo,3368.0
Plaus,751.0
Ponte Gardena,200.0
Santa Croce di Magliano,3960.0
Sepino,1798.0
Delia,3858.0
Marianopoli,1600.0
Rio di Pusteria,3164.0
Rodengo,1277.0
Santa Caterina Villarmosa,4673.0
San Giuliano di Puglia,982.0
Ora,3866.0
Altavilla Milicia,8668.0
Santa Margherita di Belice,6056.0
Sant'Angelo Muxaro,1152.0
Altofonte,9848.0
Alì,657.0
Torella del Sannio,708.0
Toro,1250.0
Moso in Passiria,2034.0
Nalles,2067.0
Trivento,4353.0
Villafranca Sicula,1332.0
Petrella Tifernina,1042.0
Pietracupa,208.0
Niscemi,24934.0
Resuttano,1752.0
Postal,1995.0
Prato allo Stelvio,3803.0
Camogli,4977.0
Tuili,929.0
Acquaviva d'Isernia,370.0
Tufara,793.0
Ururi,2426.0
Mazzarino,10932.0
San Martino in Pensilis,4497.0
San Massimo,817.0
Bagnoli del Trigno,637.0
Belmonte del Sannio,637.0
San Polo Matese,479.0
Sant'Angelo Limosano,303.0
San Biase,129.0
San Felice del Molise,551.0
Castelpizzuto,131.0
Castelverrino,98.0
Caldaro sulla Strada del Vino,8137.0
Castel del Giudice,308.0
Alì Terme,2315.0
Cerro al Volturno,1145.0
Chiauci,198.0
Castiglione di Sicilia,2903.0
Mascali,14330.0
Bronte,18220.0
Calatabiano,5121.0
Belpasso,27977.0
Biancavilla,22918.0
Milo,1039.0
Mineo,4486.0
Fiumefreddo di Sicilia,9073.0
Giarre,26510.0
San Giacomo degli Schiavoni,1363.0
San Giuliano del Sannio,970.0
Nicolosi,7594.0
Palagonia,15784.0
Bompensiere,491.0
Militello in Val di Catania,6765.0
Serradifalco,5493.0
Sommatino,6397.0
Maletto,3599.0
Maniace,3757.0
San Candido,3384.0
San Genesio Atesino,3027.0
Castelpetroso,1552.0
San Giovanni la Punta,23725.0
San Gregorio di Catania,11485.0
Capracotta,799.0
Carovilli,1243.0
Cantalupo nel Sannio,716.0
Carpinone,1036.0
Castel San Vincenzo,440.0
Predoi,522.0
Proves,254.0
Grammichele,12407.0
Gravina di Catania,25185.0
Frosolone,2811.0
Longano,634.0
Filignano,574.0
Forlì del Sannio,620.0
Pizzone,313.0
Miranda,952.0
Montaquila,2280.0
Macchia d'Isernia,1012.0
Macchiagodena,1648.0
Civitanova del Sannio,879.0
Conca Casale,178.0
Fornelli,1804.0
Mascalucia,31964.0
Mazzarrone,3965.0
Poggio Sannita,571.0
Rionero Sannitico,977.0
Spinete,1168.0
Mirabella Imbaccari,4217.0
Misterbianco,49017.0
Paternò,45162.0
Licodia Eubea,2731.0
Trecastagni,11265.0
Tremestieri Etneo,19557.0
Valverde,7824.0
Pedara,15058.0
Alcamo,44569.0
San Michele di Ganzaria,2878.0
San Pietro Clarenza,8297.0
Camporotondo Etneo,5214.0
Castel di Iudica,4269.0
Sant'Agata li Battiati,9351.0
Sant'Alfio,1509.0
Pescolanciano,788.0
Caltagirone,35765.0
Santa Venerina,8452.0
Scordia,16042.0
Santa Maria di Licodia,7482.0
Motta Sant'Anastasia,12081.0
Montenero Val Cocchiara,493.0
Monteroduni,2065.0
Pietrabbondante,606.0
Rovereto,39809.0
Randazzo,10186.0
Chiusanico,592.0
Chiusavecchia,513.0
Cimone,723.0
Apricale,626.0
San Cono,2416.0
Burcei,2625.0
Capoterra,23186.0
Castiadas,1699.0
Vizzini,5702.0
Marsala,79809.0
Cinte Tesino,368.0
Roccamandolfi,841.0
Roccasicura,485.0
Caravonica,254.0
Castel Vittorio,261.0
Sant'Agapito,1375.0
Sant'Angelo del Pesco,326.0
Viagrande,8861.0
Piedimonte Etneo,3898.0
Raddusa,2812.0
Aquila d'Arroscia,142.0
Armo,117.0
Cosio di Arroscia,171.0
Costarainera,776.0
Buseto Palizzolo,2761.0
Calatafimi Segesta,6127.0
Domus de Maria,1638.0
Donori,1969.0
Ceriana,1103.0
Civezzano,4131.0
Scapoli,586.0
Sessano del Molise,666.0
Bajardo,382.0
Venafro,10852.0
Vandoies,3317.0
Isolabona,677.0
Lucinasco,295.0
Ragalna,4204.0
Ramacca,10211.0
Dolianova,9451.0
Cervo,1086.0
Cesio,272.0
Camporosso,5566.0
Pescopennataro,239.0
Pettoranello del Molise,446.0
Cipressa,1201.0
Civezza,620.0
Aurigo,331.0
Badalucco,1072.0
Rocchetta a Volturno,1092.0
San Pietro Avellana,416.0
Decimomannu,8373.0
Decimoputzu,4171.0
Elmas,9406.0
Cles,7201.0
Soldano,982.0
Armungia,418.0
Assemini,25835.0
Santa Maria del Molise,635.0
Pietrabruna,456.0
Pieve di Teco,1300.0
Ospedaletti,3147.0
Perinaldo,829.0
Mendatica,165.0
Dolcedo,1246.0
Commezzadura,1007.0
Diano Marina,5542.0
Dolceacqua,2129.0
Pompeiana,847.0
Pontedassio,2356.0
Molini di Triora,613.0
Pornassio,628.0
Bonnanaro,921.0
Diano Arentino,700.0
Riposto,14007.0
Montegrosso Pian Latte,112.0
Olivetta San Michele,196.0
Bellaria-Igea Marina,19455.0
Casteldelci,373.0
Bolano,7433.0
Bonassola,794.0
Bordighera,10160.0
Borghetto d'Arroscia,400.0
Riccò del Golfo di Spezia,3576.0
Riomaggiore,1326.0
Escolca,544.0
Esterzili,563.0
Cis,302.0
Borgomaro,815.0
Terzorio,230.0
Triora,389.0
San Lorenzo al Mare,1211.0
Diano Castello,2252.0
Comano Terme,2936.0
Ballao,719.0
Pigna,752.0
Cattolica,16543.0
Coriano,10418.0
Santo Stefano al Mare,2008.0
Seborga,276.0
Bergeggi,1053.0
Boissano,2539.0
Borghetto di Vara,870.0
Brugnato,1283.0
Gemmano,1135.0
Gesico,739.0
Goni,447.0
Castelnuovo Magra,8262.0
Vallebona,1217.0
Arcola,10147.0
Beverino,2263.0
Calice al Cornoviglio,1079.0
Carro,485.0
Gergei,1120.0
Sesto Campano,2148.0
Vastogirardi,627.0
Prelà,471.0
Ranzo,562.0
Villa Faraldi,446.0
Maissana,576.0
Guamaggiore,904.0
Pantelleria,7352.0
Varese Ligure,1791.0
Vernazza,729.0
Bardineto,749.0
Rezzo,313.0
Riva Ligure,2805.0
San Leo,2820.0
Cellio con Breia,936.0
Fiumicello Villa Vicentina,6278.0
Rocchetta di Vara,663.0
Guasila,2480.0
Servigliano,2171.0
Novafeltria,6934.0
Terre d'Adige,3056.0
Valchiusa,996.0
Sassocorvaro Auditore,4855.0
Solbiate con Cagno,4631.0
Vallecrosia al mare,6714.0
Vasia,371.0
Vessalico,255.0
Monterosso al Mare,1350.0
Pignone,514.0
Croviana,699.0
Ameglia,4293.0
Santo Stefano di Magra,9849.0
Sesta Godano,1275.0
Rocchetta Nervina,284.0
San Bartolomeo al Mare,2950.0
Vezzano Ligure,7131.0
Alassio,10059.0
Vermezzo con Zelo,5877.0
Lusiana Conco,4544.0
Colceresa,5901.0
Cadrezzate con Osmate,2664.0
Presicce-Acquarica,9237.0
Borghetto Santo Spirito,4600.0
Campobello di Mazara,11382.0
Monastir,4438.0
Monserrato,18924.0
Lentini,21646.0
Palazzolo Acreide,8101.0
Castelvetrano,29341.0
Custonaci,5274.0
Montegridolfo,994.0
Morciano di Romagna,7111.0
Ortacesus,873.0
Partanna,9838.0
Petrosino,7903.0
Pennabilli,2623.0
Riccione,34400.0
Corigliano-Rossano,74066.0
Barbarano Mossano,6161.0
Borgo Veneto,7016.0
Lu e Cuccaro Monferrato,1306.0
Albissola Marina,5192.0
Altare,1931.0
San Clemente,5718.0
San Giovanni in Marignano,9408.0
Deiva Marina,1268.0
Follo,6087.0
Milazzo,30043.0
Patti,12699.0
Seniga,1402.0
Andora,7267.0
Balestrino,530.0
Saludecio,3086.0
Mazara del Vallo,50039.0
Paceco,10779.0
Maiolo,801.0
Misano Adriatico,13948.0
Noto,24264.0
Mondaino,1309.0
Montefiore Conca,2300.0
Framura,577.0
Lerici,9425.0
Borgo d'Anaunia,2511.0
Novella,3596.0
Ville di Fiemme,2641.0
Misiliscemi,8159.0
Moransengo-Tonengo,394.0
Bardello con Malgesso e Bregano,3617.0
Uggiate con Ronago,6667.0
Castellammare del Golfo,14610.0
Corleone,10364.0
Gibellina,3724.0
Pimentel,1114.0
Quartucciu,12830.0
Albisola Superiore,9589.0
Isola delle Femmine,7041.0
Buscemi,950.0
Sclafani Bagni,375.0
Riva del Po,7388.0
Colli Verdi,1025.0
Borgo Valbelluna,13410.0
Valbrenta,4835.0
Pieve del Grappa,6679.0
Giardini-Naxos,9231.0
Melilli,13171.0
Nuragus,839.0
Nurallao,1149.0
Muravera,5167.0
San Vito Lo Capo,4814.0
Santa Ninfa,4770.0
Santa Flavia,11000.0
Contessa Entellina,1502.0
Sortino,8234.0
Buccheri,1729.0
Poggioreale,1303.0
Salaparuta,1562.0
Rosolini,20577.0
Solarino,7513.0
San Nicolò Gerrei,720.0
Samatzai,1530.0
San Basilio,1124.0
Sant'Andrea Frius,1690.0
San Vito,3426.0
Santa Cristina Gela,1006.0
Palazzo Adriano,1814.0
Salemi,9986.0
Sarroch,5028.0
Nurri,2025.0
Orroli,1965.0
Valderice,11480.0
Vita,1813.0
Roccafiorita,173.0
Motta d'Affermo,657.0
Piana degli Albanesi,5541.0
Quartu Sant'Elena,68585.0
Barberino Tavarnelle,11901.0
Sorbolo Mezzani,12803.0
Valle Cannobina,465.0
Gattico-Veruno,5217.0
Borgocarbonara,1845.0
Pula,7125.0
Sadali,837.0
Sinnai,17161.0
Siurgus Donigala,1823.0
Soleminis,1863.0
Suelli,1064.0
Mandas,2004.0
Maracalagonis,7918.0
San Sperate,8401.0
Villasimius,3673.0
Reitano,723.0
Campospinoso Albaredo,1227.0
Castegnero Nanto,5829.0
Isili,2442.0
Castronovo di Sicilia,2821.0
Nuraminis,2305.0
Sestu,20773.0
Silius,1033.0
Santa Marina Salina,859.0
Scillato,591.0
Terrasini,12833.0
Godrano,1036.0
Serdiana,2660.0
Serri,613.0
Gonnesa,4617.0
Ussana,4015.0
Uta,8796.0
Selegas,1282.0
Senorbì,4777.0
Mongiuffi Melia,528.0
Misilmeri,28760.0
Vallermosa,1804.0
Cassaro,724.0
Avola,30392.0
Militello Rosmarino,1163.0
Teulada,3258.0
Merì,2281.0
Francofonte,11746.0
Termini Imerese,24920.0
Trabia,10561.0
Fluminimaggiore,2639.0
Giba,1916.0
Villaputzu,4440.0
Villasalto,954.0
Villa San Pietro,2140.0
Lercara Friddi,6182.0
San Giuseppe Jato,8055.0
Portopalo di Capo Passero,3782.0
Malfa,994.0
San Pier Niceto,2595.0
Villanova Tulo,1004.0
Petralia Soprana,2968.0
Mazzarrà Sant'Andrea,1388.0
Villasor,6587.0
Villaspeciosa,2571.0
Nuxis,1436.0
Cefalà Diana,981.0
Caccamo,7663.0
Seulo,783.0
Siliqua,3558.0
Ventimiglia di Sicilia,1824.0
San Mauro Castelverde,1346.0
Mezzojuso,2617.0
Canicattini Bagni,6517.0
Belmonte Mezzagno,10858.0
Campofiorito,1134.0
Floridia,21182.0
Raccuja,864.0
Calasetta,2775.0
Domusnovas,5865.0
Priolo Gargallo,11249.0
Gratteri,859.0
Dro,5009.0
Fai della Paganella,936.0
Collesano,3650.0
Marineo,6113.0
Villamassargia,3370.0
Fiavé,1036.0
Alimena,1761.0
Ciminna,3428.0
Villaperuccio,995.0
Fierozzo,470.0
Tortorici,5705.0
Mistretta,4364.0
Trappeto,3058.0
San Filippo del Mela,6728.0
Baucina,1858.0
Castell'Umberto,2830.0
Sant'Agata di Militello,11866.0
Masainas,1226.0
Musei,1507.0
Petralia Sottana,2475.0
Campofelice di Fitalia,452.0
Montalbano Elicona,2038.0
Basicò,596.0
San Giovanni Suergiu,5630.0
Castelbuono,8100.0
Santa Domenica Vittoria,852.0
Tripi-Abakainon,750.0
Gallodoro,336.0
Casalvecchio Siculo,726.0
Carini,39773.0
Montemaggiore Belsito,2949.0
Roccella Valdemone,562.0
Saponara,3687.0
Gualtieri Sicaminò,1580.0
Partinico,30674.0
Perdaxius,1306.0
Piscinas,793.0
Torrenova,4492.0
Buggerru,1045.0
Narcao,3039.0
Rodì Milici,1932.0
Cesarò,2165.0
Camporeale,2990.0
Roccavaldina,998.0
Cortazzone,583.0
Gonnosfanadiga,6150.0
Guspini,10990.0
Sant'Angelo di Brolo,2760.0
Sant'Alessio Siculo,1544.0
Sluderno,1837.0
Sant'Angelo in Vado,3884.0
Castelmola,1062.0
Antillo,808.0
Santadi,3163.0
Sant'Anna Arresi,2612.0
Floresta,469.0
Spadafora,4687.0
Gesturi,1151.0
Serrenti,4540.0
Caltavuturo,3558.0
Lascari,3677.0
Pagliara,1118.0
Sant'Antioco,10645.0
San Fratello,3259.0
Las Plassas,210.0
Tratalias,1020.0
Francavilla di Sicilia,3543.0
Furci Siculo,3211.0
Furnari,4003.0
Graniti,1460.0
Mandanici,505.0
Ultimo,2880.0
Pauli Arbarei,567.0
Fiumedinisi,1275.0
San Piero Patti,2570.0
Santa Lucia del Mela,4379.0
Gioiosa Marea,6733.0
Folgaria,3163.0
Arbus,5722.0
Serramanna,8596.0
Garniga Terme,384.0
Torregrotta,7259.0
Castel di Lucio,1226.0
Limina,729.0
Ucria,908.0
Galati Mamertino,2261.0
San Martino in Badia,1760.0
Villamar,2431.0
Fondachelli-Fantina,989.0
Mojo Alcantara,677.0
Setzu,131.0
Frassilongo,342.0
Siddi,583.0
Turri,379.0
Brolo,5736.0
Capri Leone,4353.0
Farnese,1390.0
Librizzi,1579.0
Tusa,2585.0
Scaletta Zanclea,1836.0
Capizzi,2844.0
Gaggi,3091.0
Nizza di Sicilia,3526.0
Villafranca Tirrena,8035.0
Condrò,471.0
Santo Stefano di Camastra,4348.0
Terlano,4830.0
Ventotene,704.0
Merano,41071.0
Collinas,775.0
Senale-San Felice,774.0
Stelvio,1136.0
Valdina,1257.0
Terme Vigliatore,7218.0
Barumini,1156.0
Silandro,6273.0
Samassi,4789.0
San Gavino Monreale,8056.0
Valdaora,3177.0
Alcara Li Fusi,1702.0
Fornace,1333.0
San Salvatore di Fitalia,1119.0
Falcone,2793.0
Ficarra,1286.0
Ussaramanna,489.0
Lunamatrona,1618.0
Pabillonis,2473.0
Arco,17750.0
Furtei,1513.0
Genuri,306.0
Bibbona,3170.0
Campiglia Marittima,12429.0
Letojanni,2842.0
San Marco d'Alunzio,1778.0
San Teodoro,1238.0
Savoca,1724.0
Sinagra,2474.0
Lipari,12565.0
Cellamare,5810.0
Zafferana Etnea,9324.0
Zagarolo,18483.0
Roccamena,1339.0
Montelepre,5742.0
Roccapalumba,2162.0
Sardara,3801.0
Segariu,1111.0
Itala,1513.0
Leni,682.0
Rometta,6573.0
Caronia,3042.0
Castroreale,2246.0
Suvereto,2955.0
Sassetta,471.0
Acquapendente,5266.0
Sciara,2524.0
Chiusa Sclafani,2530.0
Campo nell'Elba,4723.0
Castellanza,13939.0
Forza d'Agrò,835.0
Marciana Marina,1876.0
Piombino,32194.0
Capoliveri,3899.0
Capraia Isola,370.0
Pollina,2853.0
Venetico,3940.0
Borgio Verezzi,2048.0
Portoferraio,11797.0
Rosignano Marittimo,30083.0
Collesalvetti,16281.0
Villanovaforru,584.0
Villanovafranca,1189.0
Pettineo,1236.0
Piraino,3778.0
Bolognetta,4090.0
Bisacquino,4128.0
Castagneto Carducci,8748.0
Cecina,27882.0
Monteflavio,1176.0
Cineto Romano,576.0
Termeno sulla Strada del Vino,3360.0
Selva di Val Gardena,2602.0
Laigueglia,1705.0
Loano,10701.0
Santa Teresa di Riva,9335.0
Longi,1321.0
Torretta,4278.0
Villafrati,3107.0
Naso,3462.0
Calcata,905.0
Canepina,2913.0
Castelvecchio di Rocca Barbena,130.0
Celle Ligure,4873.0
Porto Azzurro,3628.0
Bassano Romano,4600.0
Bassano in Teverina,1260.0
Arlena di Castro,839.0
Bagnoregio,3364.0
Barbarano Romano,1004.0
Ficarazzi,12991.0
Campofelice di Roccella,7666.0
Mirto,889.0
Monforte San Giorgio,2508.0
Cerda,4923.0
Villa Literno,12437.0
Casanova Lerrone,742.0
Denno,1243.0
Borgetto,7062.0
Capaci,11339.0
Canino,5029.0
Capodimonte,1667.0
Cengio,3274.0
Ceriale,5321.0
Casteldaccia,11585.0
Tivoli,54916.0
Marciana,2034.0
Bormida,327.0
Cairo Montenotte,12660.0
Isnello,1306.0
Magliolo,958.0
Caprarola,5155.0
Carbognano,1940.0
San Vincenzo,6447.0
Osiglia,430.0
Pallare,877.0
Cisano sul Neva,2145.0
Mioglia,507.0
Murialdo,746.0
Blera,2959.0
Mallare,1069.0
Millesimo,3185.0
Oliveri,2086.0
Pace del Mela,5980.0
Civitacampomarano,302.0
Nasino,171.0
Noli,2444.0
Roccavignale,747.0
Sassello,1683.0
Spotorno,3446.0
Cellere,1071.0
Civita Castellana,15247.0
Calice Ligure,1688.0
Calizzano,1410.0
Bolsena,3708.0
Bomarzo,1674.0
Cosseria,1036.0
Dego,1831.0
Garlenda,1357.0
Giustenice,1003.0
Onzo,220.0
Civitella d'Agliano,1441.0
Corchiano,3580.0
Campomarino,7732.0
Casacalenda,1851.0
Erli,215.0
Finale Ligure,11146.0
Plodio,630.0
Pontinvrea,792.0
Carcare,5204.0
Campodipietra,2433.0
Campolieto,841.0
Pellizzano,790.0
Selargius,28447.0
Castel Sant'Elia,2453.0
Capranica,6302.0
Balestrate,6229.0
Vicari,2440.0
Villanova d'Albenga,2755.0
Acquaviva Collecroce,566.0
Ferrazzano,3265.0
Fossalto,1161.0
Piana Crixia,726.0
Quiliano,6849.0
Rialto,534.0
Fabrica di Roma,8217.0
Gambatesa,1262.0
Gildone,749.0
Grotte di Castro,2361.0
Orco Feglino,919.0
Ortovero,1649.0
Stella,2971.0
Stellanello,840.0
Vado Ligure,8012.0
Varazze,12534.0
Vendone,357.0
Giusvalla,394.0
Faleria,1977.0
Gallese,2577.0
Tovo San Giacomo,2516.0
Urbe,643.0
Testico,182.0
Toirano,2680.0
Casalciprano,462.0
Drena,594.0
Pietra Ligure,8215.0
Monacilioni,466.0
Duronia,404.0
Gradoli,1249.0
Graffignano,2097.0
Colle d'Anchise,722.0
Colletorto,1661.0
Maccastorna,59.0
Mafalda,1080.0
Matrice,1032.0
Morrone del Sannio,524.0
Oratino,1676.0
Bonefro,1201.0
Bordolano,551.0
Alghero,42281.0
Jelsi,1618.0
Larino,6366.0
Cercemaggiore,3601.0
Cercepiccola,622.0
Baranello,2489.0
Bojano,7393.0
Castello-Molina di Fiemme,2351.0
Piansano,1927.0
Castiglione in Teverina,2272.0
Sarzana,21650.0
Guglionesi,4881.0
Caselle Landi,1464.0
Montagano,984.0
Montecilfone,1187.0
Guardialfiera,950.0
Guardiaregia,697.0
Castell'Azzara,1307.0
Carlentini,17040.0
Castelbottaccio,245.0
Castellino del Biferno,442.0
Montalto di Castro,8725.0
Monte Romano,1877.0
Montenero di Bisaccia,6174.0
Montorio nei Frentani,360.0
Onano,898.0
Oriolo Romano,3702.0
Limosano,694.0
Macchia Valfortore,484.0
Celleno,1309.0
Montefalcone nel Sannio,1382.0
Montelongo,307.0
Settimo San Pietro,6909.0
Riola Sardo,2037.0
Milena,2700.0
Nogaredo,2079.0
Monterosi,4824.0
Nepi,9381.0
Palazzo Pignano,3789.0
Orte,9065.0
Mirabello Sannitico,2057.0
Molise,147.0
Ronciglione,8447.0
San Lorenzo Nuovo,2011.0
Busso,1171.0
Campochiaro,594.0
Cave,10777.0
Soriano nel Cimino,7954.0
Sospiro,3034.0
Cernusco Lombardone,3776.0
Sutri,6663.0
Ischia di Castro,2137.0
Lubriano,864.0
Marta,3238.0
Castelmauro,1183.0
Castropignano,863.0
Escalaplano,2064.0
Tarquinia,15942.0
Osnago,4733.0
Massimino,97.0
Montefiascone,12955.0
Lupara,412.0
Lucito,631.0
Tessennano,284.0
Tuscania,8220.0
Proceno,519.0
Montemitro,291.0
