name,p
Zalla,8319
Valmaseda,7593
Villar del Arzobispo,3862.0
Madrid,3506730
Murélaga,639.0
Ortuella,8536
Brazuelo,304.0
Berlanga del Bierzo,311.0
Fuentes de Andalucía,7217
Carbajo,183.0
Valdesotos,35.0
Villanueva de Ávila,202.0
Begíjar,2908.0
Chimillas,407.0
Orihuela,84560
Tudela,38903
Águilas,37811
Barrica,1513.0
Monzón,17839
Toledo,87216
Cabreros del Río,406.0
Bercianos del Real Camino,179.0
Campotéjar,1218.0
Alanís,1638.0
Córdoba,323262
Baracaldo,102986
Almazán,5426
Olivenza,11776
Quintanilla de Onsoña,167.0
Aranjuez,63040
Valladolid,302614
Ágreda,3133.0
Vallés,161.0
Valverde de Mérida,1002.0
Faraján,285.0
Burón,282.0
Bercianos del Páramo,513.0
Comares,1354.0
Huércal de Almería,18507
Burguete,235.0
Palencia,77466
Castellanos de Zapardiel,106.0
Salas de los Infantes,1959.0
Bilbao,351124
Camponaraya,4060.0
Santa Pola,39709
Candelaria,29023
Torrejón de Ardoz,143526
Andorra,7214
Fuengirola,85211
Álora,13512
Garganta la Olla,874.0
Ituero de Azaba,189.0
Canals,13162
San Esteban de Gormaz,2962.0
Alcobendas,123342
Montehermoso,5619
Arancón,73.0
Villardiegua de la Ribera,106.0
Retuerta del Bullaque,854.0
El Cubo de Don Sancho,373.0
Castrojeriz,794.0
Gandía,83135
Millares,321.0
Baza,20587
Almendralejo,34587
Cubillos del Sil,1746.0
Igüeña,1012.0
Noceda del Bierzo,603.0
Huerta de Valdecarábanos,1836.0
Écija,39659
Castropodame,1570.0
Páramo del Sil,1141.0
Melilla,86780
Baeza,15723
Benalmádena,78338
Benidorm,77327
Ayora,5223
Quesa,691.0
Dos Hermanas,142519
Torremolinos,71329
Lebrija,27788
Palazuelos de Eresma,5830
Alcoy,61468
San Vicente del Raspeig,60247
Puebla Larga,4665.0
Puebla de Almenara,294.0
Baliarrain,152.0
Alcudia,21907.0
Chiclana de la Frontera,90684
Los Villares,6079
Villamuelas,587.0
Matilla de los Caños del Río,607.0
Vélez-Málaga,86048
Mijas,95104
Masegoso,117.0
La Peraleja,77.0
Valencia de Don Juan,5185
Molinaseca,870.0
Congosto,1418.0
Gátova,452.0
Formentera,11171
Palma de Mallorca,434786
Guecho,75752
Sevilla,689423
Arraya de Oca,49.0
Beniatjar,209.0
Vicién,149.0
Linares,55633
Viver,1729.0
Lorca,98969
Málaga,599063
Villablanca,2939.0
Humanes de Madrid,20500
Lupiana,344.0
Cútar,603.0
Letux,349.0
Andrach,11833
Alcántara,1329.0
Ahillones,793.0
Alcalá de Henares,203208
Alcalá de Guadaíra,77474
Navalperal de Pinares,840.0
Bélmez de la Moraleda,1504.0
Estepona,79621
Berja,12917
Fuenterrabía,16887
Getafe,193238
Granada,233975
Manacor,49153
Calviá,53793
Mondragón,22450
Mahón,30666.0
Adra,25501
Arganda del Rey,60419
Campisábalos,72.0
El Recuenco,80.0
Rada de Haro,49.0
Valencia,840792
Santo Domingo de las Posadas,71.0
Manzanal del Barco,118.0
Agüero,142.0
Agüimes,33800
Burjasot,41299.0
Serra,3767.0
Auñón,156.0
Andosilla,2925.0
El Manzano,54.0
Burriana,37915
Toreno,2833.0
Folgoso de la Ribera,973.0
Sancedo,532.0
Alhama de Granada,5655
Villena,34712
Agulo,1078.0
Salvatierra,5085
Santa Cruz de la Zarza,4180.0
Ondara,7308
Tíjola,3573.0
Zafrilla,59.0
Bañuelos de Bureba,32.0
Tolosa,20070
Roquetas de Mar,111240
Bugedo,193.0
Algarinejo,2335.0
Torres de Alcanadre,91.0
Soto del Real,9399
Tazacorte,4549.0
Estopiñán del Castillo,147.0
Donhierro,73.0
Casasbuenas,210.0
Bechí,5580
Colmenar Viejo,58730
Santa Colomba de Curueño,502.0
Santa María del Monte de Cea,207.0
Brihuega,2826.0
Siete Aguas,1289.0
Arahal,19491
Cañada Rosal,3481.0
Gilet,4011.0
Telde,104168
Miraflores de la Sierra,6945
Salobreña,12562
Quéntar,952.0
Barbastro,17295
Guadalix de la Sierra,6814
Manzanares el Real,9386
Villasdardo,22.0
Torija,1877.0
San Esteban de Litera,672.0
Fuentealbilla,1804.0
Lepe,29677
Navalafuente,1693.0
Bustarviejo,2870.0
Cardeñosa,430.0
Partido de la Sierra en Tobalina,75.0
Facheca,100.0
Valdefresno,2362.0
Agaete,5568
Aguilar de Campoo,6733
Landete,1175.0
Moraleda de Zafayona,3214.0
Pamplona,209094
Villasexmir,67.0
Micieces de Ojeda,67.0
Aranda de Duero,33956
Calatayud,19677
Albalat de Taronchers,1574.0
Arabayona de Mógica,318.0
Perosillo,21.0
Caspe,10336
Santa María del Páramo,2994.0
Tabernes de Valldigna,17443
Casas de Garcimolina,30.0
Gallegos del Río,455.0
Espinosa de los Monteros,1627.0
El Granado,480.0
El Royo,248.0
Reyero,120.0
Vadillo,81.0
Alique,15.0
Burgos,180427
Sos del Rey Católico,582.0
Sinarcas,1176.0
Sigüenza,4911.0
Zaragoza,693091
Sagunto,73031
El Losar del Barco,99.0
Melque de Cercos,58.0
Amoroto,390.0
Valdeganga,1970.0
Mahora,1465.0
Priego de Córdoba,21764
Requena,20982
Santa Elena de Jamuz,1021.0
San Justo de la Vega,1750.0
Tordesillas,8681
Motilla del Palancar,6119
La Ercina,412.0
La Robla,3574.0
Majadahonda,73625
Aldea del Obispo,245.0
Íllora,9951
Órgiva,5709
Sargentes de la Lora,130.0
Olmos de Esgueva,187.0
Los Palacios y Villafranca,38761
El Maderal,172.0
Tocina,9420
La Campana,5137
Las Cabezas de San Juan,16400
Carmona,29279
San Cristóbal de la Polantera,611.0
El Cuervo de Sevilla,8635
Alburquerque,5063
El Ejido,91440
Villaverde del Río,7700
Villanueva del Río y Minas,5073.0
Rabanera del Pinar,94.0
Nogal de las Huertas,46.0
Villalpardo,979.0
San Sebastián,189866
Teror,12799
Roa,2276.0
Lucena,43408
Alcalá del Obispo,394.0
Chiprana,496.0
La Cabrera,2889.0
Leganés,195734
Villarrobledo,25400
Requejo,107.0
Villargordo del Cabriel,588.0
Arrigorriaga,11954
Villanueva de Aézcoa,96.0
Fuente-Tójar,666.0
Adeje,50021
Laguardia,1459.0
Abarán,12964
Ayelo de Malferit,4624.0
Alaminos,54.0
Campaspero,1001.0
Alcolea del Río,3265.0
Navaleno,698.0
San Sebastián de La Gomera,9501
Becedas,146.0
Sedaví,10637
Torrebaja,398.0
Quintana y Congosto,402.0
Matallana de Torío,1214.0
Goizueta,681.0
Villardompardo,893.0
Santa Cruz de La Palma,15690.0
Barlovento,2108.0
Breña Alta,7305
Úbeda,33588
Loja,20951
Trujillo,8605
Oñate,11567
Mojácar,7386
Navas del Madroño,1254.0
Biota,832.0
Puntallana,2790.0
San Andrés y Sauces,4350.0
Zarzalejo,1946.0
Lucillo,360.0
Pego,10485
Paiporta,28136
Alcorcón,175719
Almería,205468
Calvarrasa de Arriba,604.0
El Madroño,286.0
Breña Baja,5963
Fuencaliente de La Palma,1965.0
Garafía,2015.0
Éibar,27484
Laguna de Duero,22965
Algar de Palancia,565.0
Fuenlabrada,190076
Tijarafe,2733.0
Villa de Mazo,5131.0
Lecrín,2244.0
Nogueras,36.0
Taravilla,38.0
Santa Olalla,3571.0
La Puebla de Valverde,485.0
Cañamaque,29.0
Astorga,10321
Abla,1268.0
Ablitas,2657.0
El Paso,7967
Puntagorda,2345.0
Almorox,2569.0
Buñuel,2318.0
Guadarrama,17063
Cazorla,7067
Jaraíz de la Vera,6664
Aldaya,34630
Altea,24592
Altorricón,1504.0
Manzanera,530.0
Poveda de la Sierra,99.0
Almadén,4855.0
Bugarra,774.0
Ademuz,1015.0
Los Llanos de Aridane,20582
Alicante,366221
Monterrubio de la Sierra,150.0
Buendía,422.0
Campillos-Sierra,28.0
Ador,1755.0
Castuera,5567
Cazurra,72.0
Valdemorillo,13651
Silla,19683
Santa Cruz de Moya,233.0
Villanueva de la Jara,2396.0
Villa del Prado,7273
Amurrio,10313
Aliud,20.0
Alájar,793.0
Ambite,732.0
El Bonillo,2645.0
San Cristóbal de La Laguna,161108
Olocau,2534.0
Villanueva de la Concepción,3296.0
Masanasa,10146
Miranda de Ebro,36622
Soria,41025
La Estrella,251.0
El Mirón,93.0
Algete,21144
Ibiza,55337
Godelleta,4266.0
Villar del Olmo,2341.0
Cofrentes,1113.0
Santander,175425
Real,2497.0
Tarancón,16257
Alovera,13407
Calzada de Valdunciel,717.0
Maqueda,548.0
Chillón,1752.0
Torrejoncillo,2743.0
Villamediana,177.0
Ugena,5723
Muchamiel,28621
Totana,33358
Huelva,143215
Amorebieta-Echano,19570
Baraona,117.0
Villarcayo de Merindad de Castilla la Vieja,4103.0
Benifato,162.0
Puertas,66.0
Adiós,194.0
Murcia,479405
Gorafe,368.0
Puente la Reina,2972.0
Picasent,23202
Guadalajara,92834
Ponferrada,63186
Guadalaviar,238.0
Navas de Riofrío,430.0
Cañaveruelas,110.0
Villarreal,53623
Ciadoncha,77.0
Merindad de Montija,723.0
Daimiel,17629
Pancorbo,431.0
Santa María de los Llanos,660.0
Acedera,815.0
San Lorenzo de El Escorial,18489
Huesca,55454
Piedrabuena,4305.0
Cuéllar,9608
Utiel,11632
San Martín de Boniches,43.0
Tremedal de Tormes,34.0
Castilforte,57.0
Las Omañas,267.0
Medinaceli,686.0
Teulada,12515
Santibáñez el Bajo,711.0
Gascueña de Bornova,22.0
Maranchón,225.0
La Nava de Ricomalillo,514.0
Alpuente,688.0
Llosa de Ranes,3765.0
Paterna de Rivera,5441
Bedmar y Garcíez,2567.0
La Huerce,52.0
Humanes,1841.0
San Pedro Palmiches,54.0
Muruzábal,283.0
Gerindote,2828.0
Miajadas,9359
Algarra,25.0
Santa Eufemia del Barco,169.0
Orusco de Tajuña,1531.0
Arévalo,7768
Sariñena,4113.0
Villaviciosa de Odón,30127
Cazalegas,2195.0
Barbate,22635
Cimanes de la Vega,431.0
Cebrones del Río,439.0
Algeciras,126589
Jayena,979.0
Los Yébenes,5717
La Mierla,44.0
Mirabueno,86.0
Cárcheles,1291.0
Finestrat,8836
Cobeja,2719.0
Arenas de San Juan,1013.0
El Burgo de Osma-Ciudad de Osma,5283.0
Los Santos,570.0
San Esteban del Valle,735.0
Las Palmas de Gran Canaria,381868
Mislata,47079
Luciana,350.0
Miguelturra,15769
Alamillo,450.0
Almodóvar del Campo,5788
Morata de Jalón,1100.0
Torre Endoménech,177.0
Marbella,159786
Benatae,423.0
Moclinejo,1222.0
Ronda,33671
Embid,37.0
Huérmeces del Cerro,43.0
El Ordial,45.0
Jerez de la Frontera,213634
Alfoz de Bricia,68.0
Fasnia,3145.0
Padiernos,277.0
Navarrevisca,281.0
Brazatortas,1007.0
Lagartera,1294.0
Gata de Gorgos,6515
Almaluez,113.0
Pozorrubielos de la Mancha,166.0
Ondárroa,8179
Establés,35.0
Fuentelahiguera de Albatages,121.0
Porcuna,5975
Almenara de Adaja,24.0
Alamedilla,518.0
Las Ventas con Peña Aguilera,1090.0
Alcaucín,2671.0
Montilla,22305
El Cardoso de la Sierra,49.0
Fuencemillán,81.0
Narrillos del Álamo,56.0
Mironcillo,110.0
Cercedilla,7648
Iniéstola,19.0
Jirueque,44.0
Tubilla del Lago,164.0
Pino del Oro,173.0
Baños de Montemayor,738.0
Villalonso,80.0
Moraleja del Vino,1796.0
Villanueva de Viver,94.0
Moralzarzal,14124
Cañete la Real,1569.0
Chirivella,32093
Jasa,90.0
Castalla,11365
Santa Cruz de Tenerife,211957
Valdefinjas,60.0
Holguera,588.0
Suellacabras,32.0
Yanguas,104.0
La Línea de la Concepción,64499
Muduex,104.0
Morenilla,53.0
El Pobo de Dueñas,102.0
Argamasilla de Calatrava,5801
Argés,6961
Villamayor de Monjardín,115.0
Camarzana de Tera,740.0
Casbas de Huesca,287.0
Fiscal,358.0
Dévanos,72.0
Monterrubio de la Demanda,55.0
Navatalgordo,230.0
Horche,3119.0
Hortezuela de Océn,32.0
San Sebastián de los Reyes,96992
Vitoria,260699
Oreja,103.0
Corral de Almaguer,5219
Muro,7825
Alcudia de Monteagud,115.0
Cervera de los Montes,513.0
Malpartida de Corneja,89.0
Navahondilla,359.0
Mancera de Arriba,66.0
Mamblas,191.0
Fuentes de Año,90.0
La Villa de Don Fadrique,3519.0
Almansa,24615
Colmenarejo,9534
Villalbilla,16823
Aldehuela del Jerte,348.0
Villaralbo,1782.0
Loeches,9108
Meco,15404
Mérida,60225
Nacimiento,485.0
Fuencaliente,1007.0
Morales del Vino,3040.0
El Payo,302.0
Hermisende,207.0
Albalá,647.0
Pobladura de Valderaduey,34.0
Moratilla de los Meleros,106.0
Milmarcos,63.0
Nerja,22132
Torrox,22015
Mohernando,190.0
Heras de Ayuso,248.0
El Perdigón,673.0
Santa Cristina de la Polvorosa,1034.0
Villademor de la Vega,289.0
Güeñes,6740
Barcheta,1578.0
Millana,126.0
Miralrío,56.0
Castrogonzalo,432.0
Ledanca,98.0
Castilnuevo,8.0
Gajanejos,51.0
Navalacruz,192.0
Muñosancho,87.0
Teruel,36655
Cincovillas,20.0
Prádena de Atienza,45.0
Cendejas de la Torre,23.0
Cinctorres,433.0
Villanueva de Alcolea,584.0
Cervera del Maestre,617.0
Matilla la Seca,33.0
Navasfrías,365.0
Pollensa,17279
Frumales,120.0
Villanueva de Bogas,657.0
Láchar,3892.0
Pajares de Adaja,123.0
Navaconcejo,2037.0
Logrosán,1852.0
Villava,10067
Baides,46.0
Los Cerralbos,452.0
Castellón de la Plana,183711
Barriopedro,26.0
Cendejas de Enmedio,68.0
Ciudad Real,76217
Orea,191.0
Pastrana,971.0
Hinojal,391.0
Galende,1019.0
Nava del Barco,81.0
Mirueña de los Infanzones,86.0
Ciruelas,136.0
Ciruelos del Pinar,23.0
Puebla de Beleña,57.0
Cogollor,19.0
La Colilla,375.0
Baños de Tajo,13.0
Pareja,493.0
Selas,33.0
Quintanilla del Molar,43.0
Umbrete,9376
Narros de Saldueña,102.0
Herguijuela,264.0
Puebla de Sanabria,1378.0
Hoyos del Espino,350.0
Alcublas,710.0
Bárig,1501.0
Hoyocasero,294.0
Bustares,62.0
Arroyo de las Fraguas,32.0
Campillo de Dueñas,71.0
Bañuelos,10.0
Carrascalejo,223.0
Roales del Pan,1019.0
Zotes del Páramo,384.0
Cádiz,109950
San Andrés del Congosto,63.0
Rueda de la Sierra,38.0
Logroño,152150
Guijo de Coria,180.0
Lubián,296.0
Casas de Don Gómez,342.0
Alía,722.0
Cañamero,1578.0
Cobeta,100.0
Chequilla,13.0
Villalpando,1433.0
Cedillo,453.0
Mayalde,140.0
Robleda,453.0
Canet lo Roig,715.0
Cortes de Arenoso,308.0
Alba,186.0
Biscarrués,188.0
Vall d'Alba,3218.0
Cabanes,3475.0
Lozoya,598.0
Ceutí,12668
Ventas de Huelma,667.0
Fuente-Álamo,2422.0
Lucena del Cid,1421.0
Segovia,52375
Salamanca,146110
Granucillo,105.0
Hoyos,848.0
Baltanás,1226.0
Ayuela,48.0
Brunete,11014
Monserrat,9312
Marquina-Jeméin,5037
Alquerías del Niño Perdido,4605.0
Torralba del Pinar,57.0
Ávila,59107
Pozoamargo,255.0
Casasimarro,3177.0
Batres,1976.0
Valdaracete,658.0
Badajoz,150209
Ezcároz,298.0
Cuevas de Vinromá,1888.0
Albacete,175400
Renera,100.0
San Andrés del Rey,35.0
Sienes,38.0
Solanillos del Extremo,72.0
Robledo de Corpes,39.0
Pálmaces de Jadraque,54.0
Peralejos de las Truchas,148.0
Niharra,167.0
Gimialcón,73.0
Venturada,2622.0
Mota de Altarejos,25.0
Jaén,112235
Priaranza del Bierzo,672.0
Mandayona,285.0
Pozuelo,455.0
Rillo de Gallo,37.0
Ocentejo,15.0
Herencia,8385
Almaraz,1594.0
Coreses,1054.0
Calzadilla,450.0
Valdeavero,1896.0
Anchuelo,1414.0
Saelices de la Sal,41.0
Castejón de Henares,62.0
Sotodosos,30.0
Retiendas,52.0
Robledillo de Mohernando,200.0
Argamasilla de Alba,6888
Ribatejada,905.0
Titulcia,1389.0
Liria,25333
Macastre,1461.0
Cuenca,53600
Chiloeches,4117.0
Armuña de Tajuña,280.0
Cáceres,96651
Jarandilla de la Vera,2894.0
Marlín,29.0
Cazalilla,762.0
El Arenal,961.0
Ogíjares,14803
Nívar,1093.0
Los Barrios de Luna,300.0
Fresno de la Vega,483.0
Centenera,158.0
Castellar de la Muela,22.0
Puebla de Valles,59.0
Benetúser,15879
Puzol,21659.0
Figueroles,525.0
Laguna de Cameros,109.0
Cañizo,197.0
Torquemada,964.0
Valhermoso de la Fuente,61.0
Somolinos,26.0
Abizanda,162.0
Riópar,1344.0
Pozo Cañada,2704.0
Zamora,59815
Chillarón del Rey,76.0
Budia,226.0
Puebla de Don Rodrigo,1148.0
Agudo,1605.0
Úcar,194.0
Valle de Ollo,453.0
Muñopepe,95.0
Albaladejo,984.0
Almuradiel,744.0
Benalup-Casas Viejas,7164
Pozo-Lorente,398.0
Pétrola,660.0
La Antigua,324.0
Almanza,570.0
El Burgo Ranero,697.0
Povedilla,374.0
Pampaneira,312.0
Víllora,120.0
Villalgordo del Marquesado,59.0
Navalperal de Tormes,73.0
El Hornillo,263.0
Valdecuenca,33.0
Villalba de la Sierra,569.0
Mediana de Voltoya,117.0
Campo Lugar,790.0
Santesteban,1854.0
Urdax,354.0
Rebollosa de Jadraque,11.0
Setiles,78.0
Boñar,1732.0
Alija del Infantado,554.0
Torremocha del Campo,193.0
Cañizar,78.0
Bujalaro,59.0
Olmeda de Cobeta,56.0
Fresnedilla,92.0
Martiherrero,372.0
Atanzón,83.0
Peralveche,52.0
Villaverde y Pasaconsol,318.0
Vistabella del Maestrazgo,354.0
Villarejo de Fuentes,387.0
Paterna,76019
Llombay,2791.0
Espinoso del Rey,420.0
Valdelacasa de Tajo,338.0
El Romeral,518.0
Tirapu,49.0
Pueyo,384.0
Villar de Canes,156.0
Villar del Humo,182.0
Boca de Huérgano,412.0
Bustillo del Páramo,1057.0
Sayatón,64.0
Cantalojas,121.0
Navalosa,314.0
Aldeaquemada,446.0
Narros del Castillo,151.0
Berninches,51.0
Tamajón,153.0
Olmedilla de Alarcón,128.0
Olmeda de la Cuesta,16.0
Villahermosa del Río,473.0
Nevada,1086.0
Rota,29289
Juslapeña,562.0
Valdemeca,83.0
Palomares del Campo,556.0
Villa de Otura,7466
Villas de la Ventosa,225.0
Villares del Saz,499.0
Valverde de Júcar,1118.0
Vallibona,63.0
León,123446
Algadefe,312.0
Acebedo,181.0
Valverdejo,86.0
Villar de Domingo García,217.0
Otívar,1011.0
Orce,1116.0
Padul,9436
Sumbilla,672.0
Membrío,587.0
Herreruela,322.0
Samboal,459.0
Villanueva del Rebollar de la Sierra,49.0
Hontanaya,255.0
Valdemoro-Sierra,96.0
Villores,51.0
Villarejo de la Peñuela,16.0
Oroz-Betelu,143.0
Urdiáin,647.0
Muñico,77.0
Ceclavín,1769.0
Nigüelas,1229.0
Rojales,17451
Valdetórtola,115.0
Valsalobre,17.0
Ribarroja del Turia,24616
Cabañas Raras,1286.0
Ardón,533.0
Junciana,40.0
La Horcajada,434.0
Peal de Becerro,5325
Gavilanes,523.0
San Juan de Gredos,219.0
Yátova,2325.0
Pedralba,3225.0
Villaescusa de Haro,480.0
Villar del Infantado,34.0
Vallat,66.0
Puebla de Arenoso,169.0
Casas de San Galindo,24.0
Campillo de Ranas,150.0
Arellano,165.0
Elda,55222
Morón de la Frontera,27210
Pinos Genil,1642.0
Pórtugos,372.0
Horcajo de las Torres,425.0
Navalmoral,445.0
Musques,7342
Añover de Tajo,5215
Sotillo,31.0
Firgas,7669
Canalejas de Peñafiel,248.0
Aldea del Fresno,3503.0
Las Berlanas,323.0
Luquin,135.0
Legaria,111.0
Uztárroz,136.0
Gascueña,132.0
Nazar,40.0
Zarza de Granadilla,1815.0
Pampliega,281.0
Padilla de Abajo,71.0
Ulea,926.0
Tresjuncos,258.0
Prados Redondos,45.0
Casa de Uceda,128.0
Casatejada,1393.0
Ladrillar,177.0
Villagonzalo Pedernales,1903.0
La Iglesuela del Tiétar,448.0
Higuera de las Dueñas,250.0
Gilbuena,45.0
Pertusa,129.0
Pozo de Urama,21.0
Valdelosa,386.0
Pavías,72.0
Puértolas,217.0
Oco,65.0
Lesaca,2721.0
Fuenteheridos,804.0
Peguerinos,283.0
Fuente el Saúz,146.0
Leache,38.0
Unzué,164.0
San Sebastián de los Ballesteros,865.0
Zalamea de la Serena,3371.0
Valle de las Navas,549.0
Chauchina,5679
Urueña,200.0
Casas de los Pinos,374.0
Muñana,499.0
Urroz de Santesteban,175.0
Orbara,28.0
Sorlada,39.0
Robliza de Cojos,185.0
Villasbuenas,158.0
Valdearcos de la Vega,56.0
Villamayor,7539
Benafarces,68.0
Zabalza,285.0
Valacloche,33.0
Orísoain,72.0
Oláibar,399.0
Santa Ana,302.0
Betelu,375.0
Tinajas,184.0
Tarazona de la Mancha,6138
La Peza,1104.0
Fuentes de Carbajal,71.0
Churriana de la Vega,16445
La Calahorra,680.0
Quintanilla de Arriba,161.0
Pesquera de Duero,403.0
Revilla del Campo,96.0
Humada,114.0
Pedro Martínez,1166.0
Polopos,1682.0
Alatoz,504.0
Alborea,672.0
Novés,3564.0
Mues,80.0
Son Servera,11932
Villa de Ves,51.0
Villamalea,4083.0
El Torno,805.0
Valencia de Alcántara,5236
Valdelageve,66.0
Rucandio,72.0
Sartaguda,1349.0
Sesma,1248.0
Ezcurra,125.0
Alpera,2278.0
Alcalá del Júcar,1130.0
Cortes de Baza,1769.0
Chimeneas,1265.0
Nuñomoral,1196.0
Carcaboso,1076.0
Acehúche,808.0
Táliga,650.0
Dólar,600.0
Dúdar,382.0
Riolobos,1173.0
Madroñera,2349.0
Avellanosa de Muñó,95.0
Pantoja,3536.0
Casares de las Hurdes,362.0
Galisteo,849.0
Buenache de la Sierra,112.0
Villamiel,379.0
Piornal,1443.0
Tébar,300.0
Villalgordo del Júcar,1159.0
La Guardia,9998
Las Ventas de San Julián,239.0
Tejadillos,102.0
Polícar,252.0
Fontioso,52.0
La Sequera de Haza,28.0
Bolaños de Calatrava,11991
Torre de Miguel Sesmero,1234.0
Torremejía,2238.0
Funes,2537.0
Orcoyen,4098.0
Coruña del Conde,95.0
Alhambra,946.0
Fortanete,195.0
Fontellas,1050.0
Palencia de Negrilla,140.0
Arrabalde,186.0
Algodre,131.0
Bermillo de Sayago,1028.0
Abia de las Torres,165.0
Petra,3231.0
Pinos Puente,9664
Torremayor,992.0
Fregenal de la Sierra,4715.0
Colomera,1278.0
Cogollos de Guadix,614.0
Malanquilla,71.0
Bárboles,277.0
Arcos de la Polvorosa,211.0
Alcubilla de Nogales,108.0
Alcadozo,635.0
Alcaraz,1283.0
Fompedraza,113.0
Fuente-Olmedo,42.0
Cabañas de Yepes,316.0
Alcubillas,417.0
Cilleros,1547.0
Caminomorisco,1097.0
Carrión de Calatrava,3239.0
Abenójar,1309.0
Andavías,404.0
Aldeatejada,2662.0
Cogollos Vega,2119.0
Trillo,1406.0
Pelabravo,1427.0
Vellisca,128.0
Jorquera,356.0
Campolara,46.0
La Horra,295.0
Cilleruelo de Arriba,52.0
Monreal de Ariza,175.0
Clarés de Ribota,73.0
Fuentemolinos,89.0
Hontangas,92.0
Frades de la Sierra,163.0
Vianos,317.0
Paracuellos de Jiloca,610.0
Benijófar,3679.0
Hontanar,139.0
Almedina,475.0
Pedrosillo el Ralo,147.0
Hoyales de Roa,208.0
Burguillos,7098
Cuevas del Campo,1841.0
Cortes y Graena,949.0
Arauzo de Torre,55.0
Viveros,293.0
Balboa,269.0
Buenamadre,108.0
Alba de Yeltes,205.0
Plasencia de Jalón,378.0
Santa Olalla del Cala,2039.0
Socuéllamos,12123
Rociana del Condado,8048
Trigueros,7989
Sotalbo,234.0
Tronchón,56.0
Berzosa de Bureba,26.0
Valdecaballeros,1036.0
Alfoz de Santa Gadea,102.0
Aldeire,597.0
Albatana,644.0
Abengibre,753.0
El Pedroso de la Armuña,202.0
Valsalabroso,120.0
Dúrcal,7233
Albuñán,422.0
San Bartolomé de Pinares,479.0
Deifontes,2612.0
Escúzar,826.0
Dehesas de Guadix,382.0
La Gineta,2656.0
San Bartolomé de la Torre,4072.0
Lucena del Puerto,3390.0
Carrias,26.0
Cillán,84.0
Dílar,2384.0
Darro,1700.0
Pradilla de Ebro,553.0
Cabezón de Pisuerga,3910.0
Mesones de Isuela,270.0
Fuentespina,833.0
Cillaperlata,31.0
Santa Eulalia de Gállego,101.0
Foz-Calanda,272.0
Pajares de la Laguna,110.0
Ferreruela de Huerva,81.0
Albuñol,7391
Albolote,19474
Canicosa de la Sierra,410.0
El Parral,64.0
Albillos,220.0
Ojos-Albos,89.0
Arenillas de Riopisuerga,156.0
Barbadillo del Mercado,134.0
Orendáin,245.0
Escoriaza,4215.0
Alfacar,5688
Alhendín,10216
Puebla de Azaba,145.0
Palaciosrubios,283.0
Arlanzón,425.0
Medina de Pomar,5866
Cerralbo,105.0
Crespos,463.0
Arandilla,157.0
Bozoó,101.0
La Cistérniga,9489.0
Checa,268.0
Alcocero de Mola,40.0
Valle de Mena,4155.0
Sarrión,1261.0
Torre de Arcas,76.0
Muniesa,575.0
Orrios,112.0
Las Pedrosas,118.0
Vivel del Río Martín,63.0
Morata de Jiloca,285.0
Torrecilla de Alcañiz,436.0
Torre de las Arcas,19.0
Jurisdicción de San Zadornil,62.0
Cuevas de San Clemente,52.0
Zazuar,198.0
Buniel,632.0
Cumbres de Enmedio,54.0
Aroche,2991.0
Fuembellida,13.0
Olba,286.0
Barbadillo de Herreros,103.0
Vadillo de la Sierra,50.0
Fuentelisendo,96.0
Zarzosa de Río Pisuerga,29.0
Alar del Rey,910.0
Icod de los Vinos,24616
Fresnedoso,94.0
Nava de Béjar,74.0
Noguera de Albarracín,131.0
Saldón,32.0
Paradinas de San Juan,380.0
Torres de Albarracín,187.0
Torralba de los Sisones,145.0
Cabañes de Esgueva,145.0
Cardeñadijo,1445.0
Castrillo de Riopisuerga,56.0
Cumbres Mayores,1708.0
Galaroza,1366.0
Urnieta,6200
Lizarza,672.0
Higueruela,1133.0
Robledo,382.0
Nules,13827
Muro de Alcoy,9253
Herrera de Pisuerga,1875.0
Peñascosa,329.0
Hinojos,4097.0
Sabero,1020.0
Magacela,502.0
Martín del Río,367.0
Papatrigo,215.0
Tauste,6828
Calamocha,4655.0
Narros de Matalayegua,187.0
Fresno Alhándiga,194.0
Gallur,2642.0
Bello,204.0
Puebla de San Miguel,53.0
Navarrés,3027.0
Ferreira,297.0
Paterna del Campo,3382.0
Chucena,2306.0
Moraleja de las Panaderas,42.0
Moronta,73.0
Albuñuelas,794.0
Albondón,703.0
Segura de los Baños,55.0
Cabañas de Ebro,473.0
Tramacastilla,133.0
Puertomingalvo,135.0
San Martín del Río,135.0
Bocairente,4130.0
Jarafuel,788.0
Gestalgar,587.0
Mazaleón,474.0
Valdealgorfa,581.0
Valbona,187.0
Valdeltormo,304.0
Placencia de las Armas,3857.0
Gaínza,122.0
Escatrón,1189.0
Alcañiz,16151
Usúrbil,6345
Ribera Alta,839.0
Villaquejida,763.0
Malpartida de la Serena,508.0
Ojos Negros,321.0
Parada de Rubiales,237.0
Pedraza de Alba,214.0
Florida de Liébana,248.0
Navales,312.0
Fuentes de Ayódar,98.0
Honrubia,1529.0
Gabaldón,146.0
Gaibiel,200.0
Sariegos,5413
Corbillos de los Oteros,174.0
El Provencio,2327.0
Chodos,107.0
Milagros,409.0
Vega de Infanzones,837.0
Peranzanes,276.0
Escamilla,65.0
Ansó,409.0
Macotera,1009.0
Tornos,175.0
Utrillas,3069.0
Odón,191.0
Zael,117.0
Ameyugo,107.0
Valle de Ancares,256.0
Valderrueda,817.0
Chilches,3199.0
Erla,374.0
Alosno,3986.0
Cortegana,4617.0
Berbegal,321.0
Colungo,124.0
Santiponce,8539
Cantabrana,22.0
Salas Bajas,184.0
Ilche,183.0
Gobernador,231.0
Balazote,2356.0
La Portellada,249.0
Los Olmos,111.0
Villarejo de Órbigo,2856.0
La Vecilla,383.0
Lerma,2629.0
Ontur,1895.0
Abusejo,148.0
Fuensanta,282.0
Confrides,293.0
Formentera del Segura,4868.0
Navacarros,141.0
Codos,237.0
Higuera de la Sierra,1292.0
Bonares,6101
Daya Vieja,698.0
Yeste,2471.0
Campofrío,728.0
Peralta de Alcofea,576.0
Lascellas-Ponzano,138.0
Peraltilla,212.0
Valjunquera,336.0
Torremocha de Jiloca,115.0
Cabezón de la Sierra,33.0
Montalbán,1162.0
Valdelinares,82.0
Laguna de Negrillos,1056.0
Orellana de la Sierra,250.0
Monroyo,324.0
Toril y Masegoso,31.0
Ráfales,149.0
La Puebla de Arganzón,565.0
Agallas,122.0
El Pedernoso,1113.0
Navajas,906.0
Palomera,187.0
San Andrés del Rabanedo,29944
Cuacos de Yuste,809.0
Gójar,6203
Freila,960.0
Bijuesca,93.0
Pozán de Vero,228.0
Gúdar,73.0
Gea de Albarracín,459.0
Galapagar,36758
San Millán,701.0
Monleón,88.0
La Bastida,22.0
Alcalá de Chivert,7160
Luzaga,65.0
Antequera,41849
Alfaz del Pi,21080
Alcocer de Planes,263.0
Fonelas,965.0
Salas Altas,301.0
Castejón del Puente,359.0
Alfafara,419.0
Alcolecha,184.0
Ródenas,57.0
La Ginebrosa,188.0
Viñegra de Moraña,49.0
Conquista,367.0
Zújar,2655.0
Víznar,1006.0
Villoruebo,62.0
Cubo de Bureba,102.0
Valle de Santibáñez,482.0
Santa María Ribarredonda,97.0
Valle de Oca,160.0
Villaquirán de los Infantes,154.0
Las Gabias,23584
Galera,1139.0
Puebla de Lillo,641.0
Soto y Amío,706.0
Villar del Rey,2064.0
Estremera,1473.0
Los Valdecolmenas,69.0
Los Hinojosos,702.0
Casas de Juan Núñez,1409.0
Bienservida,548.0
Cálig,2042.0
Castellnovo,912.0
Abáigar,74.0
Joarilla de las Matas,241.0
Neila,113.0
Vegacervera,246.0
San Adrián del Valle,82.0
Valdefuentes del Páramo,304.0
Benasal,1048.0
Alsasua,7590
Allín,881.0
Valle de Valdelucio,342.0
Rebolledo de la Torre,100.0
Huétor Vega,12159
Guadahortuna,1829.0
Olmos de Peñafiel,35.0
Torrelobatón,387.0
Valderrubio,2069.0
Zagra,845.0
Gor,766.0
Fuente Vaqueros,4743.0
La Iglesuela del Cid,357.0
Linares de Mora,242.0
Alcalalí,1428.0
Villanueva de las Torres,491.0
Jabaloyas,66.0
La Fresneda,459.0
Antigua,13523
Huéscar,7220
Montemayor de Pililla,837.0
Fuensaldaña,2146.0
Torre de Peñafiel,57.0
Orihuela del Tremedal,450.0
Huélago,343.0
Elche de la Sierra,3603.0
El Ballestero,411.0
Santiago Millas,350.0
Turcia,974.0
Güevéjar,2723.0
Chinchilla de Montearagón,4614.0
Cabezas Rubias,694.0
Altura,3849.0
La Nava,271.0
Benlloc,1143.0
Abanilla,6216
Escucha,788.0
Estercuel,198.0
Fuente Carreteros,1073.0
Huétor Santillán,1964.0
La Zubia,19885
Prioro,340.0
Valdelugueros,484.0
Almedíjar,288.0
Roturas,26.0
Arroyo de la Encomienda,22800
Gualchos,5308
Los Guájares,1081.0
Tudela de Duero,8780
Mojados,3415.0
Pobladura de Pelayo García,364.0
Navas de Bureba,24.0
Casar de Cáceres,4511.0
Barbuñales,93.0
Torrubia,28.0
Terzaga,24.0
Cella,2702.0
Villanubla,2903.0
Aguilar de Codés,74.0
La Granada de Riotinto,235.0
Corteconcepción,581.0
Gómara,286.0
Alcora,10526
Bailo,265.0
Derio,7071
Pedrola,3842.0
Santas Martas,763.0
Vegaquemada,418.0
Cotillas,123.0
Huéneja,1180.0
Casas de Lázaro,298.0
Carcelén,483.0
Barca,116.0
Sierra Engarcerán,1039.0
Torreblanca,5630
Hinojales,314.0
Benasque,2359.0
Cenizate,1163.0
Güéjar Sierra,2915.0
Casas-Ibáñez,4616.0
Corral-Rubio,303.0
Valdeavellano,101.0
Torrecuadradilla,26.0
Vélez-Blanco,1928.0
Aduna,500.0
Posada de Valdeón,392.0
Valderrey,424.0
Moncófar,7747
Allo,1028.0
Adobes,28.0
Ablanque,70.0
Villalón de Campos,1473.0
Fontihoyuelo,29.0
Espadilla,101.0
Trévago,47.0
Galar,2427.0
Guirguillano,75.0
Araquil,990.0
Algimia de Almonacid,254.0
Algueña,1328.0
Abánades,64.0
Valdeaveruelo,1317.0
Torremocha de Jadraque,23.0
Tordesilos,78.0
Adsubia,589.0
Aguas de Busot,1199.0
Garralda,183.0
Garínoain,527.0
Alarilla,144.0
Alcolea de las Peñas,7.0
El Campello,31419.0
Villovieco,62.0
Matapozuelos,977.0
Valdemoro,85972
Cihuela,35.0
Traíd,18.0
Torremochuela,6.0
Alcocer,319.0
Palos de la Frontera,12537
Villanueva Mesía,1965.0
Vélez de Benaudalla,3108.0
Villamena,1029.0
Almoradí,22965
Solarana,73.0
Barrio de Muñó,32.0
Mogán,21172
Alquería de Aznar,519.0
Almoguera,1379.0
Alhóndiga,185.0
Sangüesa,4883.0
Montejaque,945.0
Muñomer del Peco,113.0
Tamariz de Campos,85.0
Aguatón,18.0
Alba de Cerrato,80.0
Ampudia,588.0
Villanueva de Duero,1263.0
Pedrajas de San Esteban,3434.0
Anquela del Ducado,46.0
Alustante,152.0
Coca de Alba,96.0
Aldehuela de la Bóveda,260.0
Golmayo,3085.0
Rioseco de Soria,123.0
Lugros,306.0
El Toro,256.0
El Almendro,862.0
Valdeconcha,42.0
Dueñas,2605.0
Aldeamayor de San Martín,6035
La Pedraja de Portillo,1186.0
Molvízar,2689.0
Santa María de las Hoyas,112.0
Albares,610.0
Algar de Mesa,44.0
Benejama,1696.0
Banyeres de Mariola,7347.0
Algora,89.0
Aguilar del Alfambra,82.0
Íscar,6326
Fuentepinilla,73.0
Valdegrudas,49.0
Utande,31.0
Valdelcubo,42.0
Adzaneta,1284.0
Cumbres de San Bartolomé,354.0
Tortuera,157.0
Torre del Burgo,494.0
Hellín,30836
Sorbas,2564.0
Viandar de la Vera,216.0
Alcolea del Pinar,357.0
Anguita,150.0
Carcabuey,2302.0
Trabadelo,321.0
Gotarrendura,173.0
Vidaurreta,181.0
Azuébar,359.0
Benafigos,121.0
Castilleja de la Cuesta,17167
San Fernando de Henares,39059
Viñas,148.0
Venta de Baños,6284
Benidoleig,1245.0
Castell de Castells,443.0
Alcoroches,117.0
Aldeanueva de Guadalajara,107.0
Puerto de la Cruz,31137
Ólvega,3782.0
Antillón,127.0
Frías,258.0
Los Marines,436.0
Linares de la Sierra,279.0
Beniarrés,1117.0
Albalate de Zorita,1148.0
Las Navas del Marqués,5362
Morga,416.0
Mendaro,2028.0
Garcillán,513.0
Armallones,52.0
Beas,4414.0
Archena,20908
Cucalón,77.0
Arbancón,157.0
Somiedo,1031.0
El Tiemblo,4582.0
Arafo,5712
San Juan de Moró,3695.0
San Esteban de la Sierra,343.0
La Zarza de Pumareda,131.0
Aranzueque,411.0
Angón,8.0
Navamorcuende,581.0
Manzanilla,2214.0
Lubrín,1434.0
Carboneros,624.0
Castaño del Robledo,217.0
Olmedo de Camaces,87.0
Ayódar,176.0
Riaño,476.0
Peñíscola,8449
Bollullos Par del Condado,14263
Alocén,151.0
Almonacid de Zorita,667.0
Agrón,247.0
Cabredo,73.0
Vallehermoso,2938.0
Odieta,367.0
Almadrones,67.0
Anquela del Pedregal,28.0
Navalonguilla,182.0
Valmala,24.0
Gálvez,3044.0
Alaejos,1427.0
Aranaz,628.0
Sollana,5089.0
Cantavieja,729.0
Marmolejo,6586
Espeluy,596.0
Benimeli,474.0
Pajaroncillo,59.0
Aracena,8340
Villaverde de Rioja,65.0
Améscoa Baja,729.0
San Roque,34873
Cartaya,21471
Tamarite de Litera,3464.0
Sada,16874
Argecilla,74.0
Cheles,1175.0
Zumárraga,9681
Pereña de la Ribera,300.0
Hornos,561.0
Alhaurín el Grande,27552
Palanques,34.0
Valverde del Camino,12655
Hinojares,335.0
Génave,548.0
Villaflores,255.0
Don Benito,37986
Gomecello,411.0
Cordovilla,105.0
Terradillos de Esgueva,58.0
Hoyos de Miguel Muñoz,24.0
Abárzuza,510.0
Aranguren,12517
Campos del Paraíso,646.0
Cintruénigo,8265
Jamilena,3319.0
Iznatoraf,874.0
Agres,623.0
Árchez,441.0
Almogía,4269.0
Bacáicoa,342.0
Casaseca de Campeán,88.0
La Roda,15542
Anué,501.0
Marcilla,2938.0
Castillonuevo,14.0
Bargota,237.0
Biurrun-Olcoz,227.0
Cubillos,294.0
Osorno la Mayor,1180.0
Iniesta,4567.0
Tulebras,159.0
Villasur de Herreros,269.0
Jimena,1219.0
Picón,690.0
Terrinches,574.0
Mestanza,634.0
Fontanarejo,223.0
Esporlas,5236
Alayor,9748
Cervo,1328.0
Higuera de Calatrava,590.0
Mota del Cuervo,6108
Portalrubio de Guadamejud,35.0
Hospital de Órbigo,948.0
Villafranca del Bierzo,2591.0
Mirabel,620.0
Traspinedo,1308.0
Añorbe,622.0
Arguedas,2309.0
Lapoblación,123.0
Valle de la Serena,1075.0
Argelita,139.0
Arive,34.0
Bigastro,7361
Barbarin,46.0
Azagra,3746.0
Jaramillo de la Fuente,45.0
Carcedo de Bureba,36.0
Jaramillo Quemado,12.0
Campillo de Aranda,175.0
Pizarra,9886
Zarzuela de Jadraque,49.0
Benichembla,590.0
Benafer,168.0
Puerto Real,42527
Pasajes,15857
Villalaco,67.0
Monflorite-Lascasas,475.0
Ruidera,529.0
Yélamos de Abajo,57.0
Cañada de Calatrava,99.0
Villaseca de Uceda,59.0
Pozuelo de Alarcón,89770
Alcalá la Real,21496
Tarazona,10720
Peñaparda,298.0
Rebollar,203.0
Berrioplano,7541
Olmedo,3592.0
Cehegín,14485
Aguasal,18.0
Rionansa,1022.0
Vall de Uxó,32242
La Gallega,34.0
Cebrecos,60.0
Cortes,3165.0
Burgui,187.0
Loscorrales,98.0
Torremormojón,41.0
Valderrebollo,25.0
Valfermoso de Tajuña,77.0
Zorita de los Canes,72.0
Benicasim,20539.0
Villamartín de Don Sancho,130.0
Alfántega,125.0
Villacidaler,44.0
Avellaneda,23.0
Osa de la Vega,450.0
Aldeacentenera,603.0
Collado de la Vera,274.0
Costitx,1591.0
Buñol,9579
Villanueva de San Carlos,261.0
Tordelrábano,8.0
Cachorrilla,83.0
Llano de Olmedo,49.0
Peñaflor,3628.0
La Fuente de San Esteban,1293.0
Valenzuela de Calatrava,638.0
Navalpino,193.0
Medina Sidonia,11738
Burganes de Valverde,593.0
Caleruega,385.0
Algaida,6170
Jávea,30642
La Parra de las Vegas,36.0
Navalvillar de Ibor,374.0
Villel de Mesa,163.0
Saceruela,520.0
Arcos de la Frontera,31267
Tinajo,6759
Casasola,67.0
Cadalso,394.0
Beinza-Labayen,228.0
Artazu,125.0
Guetaria,2887.0
Alaró,5909
Aldeanueva de Figueroa,238.0
Cerezal de Peñahorcada,64.0
Binaced,1694.0
Almunia de San Juan,733.0
Botija,184.0
Esparza de Salazar,75.0
Las Cuerlas,44.0
Villafranca de Ebro,828.0
Aldehuela de Yeltes,176.0
Mombuey,395.0
Campanet,2859.0
Arenas de San Pedro,6464
Baztán,7831
Santibáñez de Ecla,42.0
Villamuera de la Cueza,36.0
Abadía,337.0
Descargamaría,105.0
Beasáin,13970
Lloseta,6378
Hornillos de Eresma,182.0
Ventosa de la Cuesta,110.0
Fresneña,68.0
Monasterio de Rodilla,171.0
Cuelgamures,77.0
Viana de Jadraque,41.0
Plasenzuela,536.0
Matilla de Arzón,150.0
La Torre del Valle,122.0
Villanueva de Alcorón,140.0
Villar del Pozo,45.0
San Lorenzo de Calatrava,189.0
Villanueva de Argecilla,30.0
Santa Marta de Magasca,291.0
Solana del Pino,333.0
Almeida de Sayago,411.0
Ayoó de Vidriales,264.0
San Miguel del Cinca,775.0
Santa Cruz de Boedo,51.0
San Cristóbal de Boedo,20.0
Belalcázar,3093.0
Añora,1487.0
Montamarta,549.0
Micereces de Tera,404.0
Moreruela de los Infanzones,318.0
Coomonte,180.0
Huerta de Arriba,121.0
La Hiniesta,293.0
Tabanera de Valdavia,20.0
Triollo,73.0
Los Pozuelos de Calatrava,326.0
Casas de Millán,536.0
Molacillos,223.0
Huérmeces,159.0
Brime de Sog,114.0
Anaya de Alba,190.0
Bretocino,192.0
Cubillo del Campo,103.0
Garvín,101.0
Alcoba de los Montes,558.0
Cebreros,3345.0
Arens de Lledó,181.0
Arroyomolinos de la Vera,424.0
Valmadrid,112.0
Urrea de Jalón,434.0
Vera de Moncayo,317.0
Valdepeñas de la Sierra,151.0
Pedreguer,8558
Oliva de Plasencia,290.0
Berrocalejo,120.0
Santiago del Campo,250.0
Riberos de la Cueza,52.0
Villaconancio,48.0
Fuentesaúco,1593.0
Arquillinos,105.0
Alfaraz de Sayago,120.0
Valencia del Mombuey,703.0
Peraleda de San Román,268.0
Capilla,142.0
Sestrica,329.0
Santa Magdalena de Pulpis,771.0
Santa Eulalia del Campo,1004.0
Casaseca de las Chanas,373.0
Luelmo,148.0
Valdecañas de Tajo,96.0
Izagaondoa,153.0
Fuentes de Ebro,4862.0
Villadoz,80.0
San Llorente,93.0
Villalba de los Alcores,383.0
Salvatierra de Santiago,229.0
Herrera de Alcántara,225.0
Velascálvaro,156.0
Torredelcampo,13871
Santomera,16245
Busot,3782.0
El Campillo de la Jara,326.0
Robladillo,86.0
Villalba de la Loma,56.0
Villanueva de la Condesa,64.0
Zaorejas,117.0
Tejeda de Tiétar,761.0
Roncal,206.0
Canillas de Esgueva,71.0
Cervillego de la Cruz,87.0
Cabeza del Caballo,224.0
Torreblascopedro,2382.0
San Clemente,6776
Siete Iglesias de Trabancos,413.0
Cabreros del Monte,64.0
Torrecilla de la Torre,27.0
Torla-Ordesa,342.0
Callosa de Segura,19484
Taragudo,45.0
Villamayor de Santiago,2336.0
Bobadilla del Campo,279.0
Torralba,107.0
Viloria,338.0
Torre de Esgueva,60.0
San Miguel del Pino,365.0
Langayo,246.0
Becerril de Campos,737.0
Villaeles de Valdavia,47.0
Velilla,109.0
Viñuelas,181.0
Trijueque,1737.0
Cogeces del Monte,640.0
San Miguel del Arroyo,641.0
Villaralto,1059.0
Villanueva del Duque,1409.0
Villanueva de Gállego,4852.0
Fayón,448.0
Manchones,91.0
Talamantes,68.0
Almodóvar del Río,7995
Gaviria,519.0
Serradilla del Arroyo,239.0
Santa María del Tiétar,582.0
Larraul,263.0
Alzo,447.0
Belaunza,291.0
Aguilar de la Frontera,13282
Guadalcázar,1589.0
Torrecilla de la Abadesa,237.0
Torrechiva,106.0
Sardón de los Frailes,98.0
Santo Domingo de Silos,251.0
Santa Eufemia,685.0
Valdemorales,218.0
Baena,18533
Almedinilla,2302.0
Pozal de Gallinas,556.0
Castroverde de Cerrato,192.0
Godojos,55.0
Embid de Ariza,28.0
Aldehuela de Liestos,48.0
La Almolda,521.0
Tormos,323.0
Navalmanzano,1041.0
Dehesa de Romanos,39.0
Ataquines,580.0
Villahermosa,1712.0
Binéfar,10070
Alcaracejos,1512.0
Ajalvir,4868.0
Tella-Sin,208.0
Saúca,47.0
Santa María del Berrocal,372.0
Espartinas,16505
Nuez de Ebro,886.0
Astigarraga,7666
Elgueta,1133.0
Mallén,2951.0
Valhermoso,15.0
Villar del Pedroso,547.0
Villaviciosa de Córdoba,3043.0
El Viso,2499.0
Alfajarín,2423.0
Tollos,32.0
San José del Valle,4419.0
Arce,290.0
Boltaña,1089.0
Rosalejo,1268.0
Biescas,1640.0
Castromonte,319.0
Fuente el Sol,150.0
Gallegos de Hornija,104.0
Pozaldez,503.0
Nueva Villa de las Torres,265.0
Torremocha de Jarama,1157.0
Santorcaz,1011.0
Villabaruz de Campos,31.0
Villagómez la Nueva,46.0
Pozuelo de la Orden,56.0
Iglesiarrubia,45.0
Pedrera,5104
Sevilleja de la Jara,635.0
Sierra de Fuentes,2081.0
Berástegui,1114.0
Legorreta,1457.0
Albíztur,328.0
Iznájar,3676.0
Viana,4441.0
Sasamón,898.0
Castilleja del Campo,611.0
Leaburu,390.0
Hernialde,326.0
Isasondo,687.0
Sestao,28512
San Román de Hornija,295.0
Santibáñez de Valcorba,195.0
Navardún,35.0
Villares de la Reina,6576
Henche,73.0
Lezuza,1281.0
Bustillo del Páramo de Carrión,58.0
Bárcena de Campos,53.0
Torrecillas de la Tiesa,1038.0
Torrecilla del Monte,79.0
Lomoviejo,155.0
Amusquillo,95.0
Castrillo de la Vega,626.0
Castilleja de Guzmán,2843.0
Villabraz,82.0
Villarino de los Aires,727.0
Castromembibre,49.0
Cubillas de Cerrato,60.0
Tardienta,952.0
Villalba del Alcor,3303.0
Aldea del Rey,1565.0
Urda,2454.0
Bolulla,490.0
Valdepeñas,30782
Torrecilla de la Orden,226.0
San Pedro de Latarce,429.0
Villanueva del Rey,1031.0
Villanueva de Córdoba,8460
Alzaga,165.0
Lumbrales,1507.0
Brenes,12804
Piñuécar-Gandullas,183.0
Sotillo de la Ribera,468.0
Olivares,9427
Huétor Tájar,10673
Júzcar,208.0
Nonaspe,997.0
Torrenueva,2645.0
Corrales de Duero,104.0
Trigueros del Valle,320.0
Mairena del Alcor,24339
Torrepadre,68.0
La Palma del Condado,10726
Chodes,98.0
Aguilón,265.0
Pomar de Valdivia,488.0
Sardón de Duero,600.0
Almendral,1202.0
Almonacid del Marquesado,412.0
Santa Ana de Pusa,345.0
Lanteira,533.0
Gelves,10388
Sonseca,11205
Benacazón,7324
Bustillo de Chaves,66.0
Payo de Ojeda,59.0
Oyón,3476.0
Albalate de las Nogueras,261.0
Gatón de Campos,46.0
Berzosilla,45.0
Lobras,139.0
Lanjarón,3708.0
Villarreal de Urrechua,6739
Garrovillas de Alconétar,1941.0
Encinas de Esgueva,214.0
Valoria la Buena,740.0
Marchal,437.0
Villaconejos de Trabaque,325.0
Villavaquerín,155.0
Villanueva de San Mancio,96.0
La Parrilla,471.0
Sierro,364.0
Peñausende,386.0
Vilvestre,374.0
Gil-García,45.0
Lumbier,1330.0
San Mamés de Campos,44.0
Marcilla de Campos,60.0
La Puebla de Albortón,133.0
Alegia,1813.0
San Cristóbal de la Vega,81.0
Castielfabib,284.0
Ricote,1197.0
Ateca,1785.0
Senés,279.0
Ciudadela,32431.0
La Algaba,16618
El Sahugo,178.0
Villavieja de Yeltes,676.0
Villamoratiel de las Matas,121.0
Toral de los Guzmanes,486.0
Torres de Berrellén,1515.0
Somontín,497.0
Cox,7513
Briones,752.0
Villaluenga de la Sagra,4308.0
Valle Gran Rey,4830.0
Pinto,56651
Pedro Muñoz,7480
Letur,911.0
Minaya,1381.0
Villagarcía de la Torre,909.0
Lújar,491.0
La Recueja,215.0
Lentegí,368.0
Madrigueras,4670.0
Magán,4384.0
Villanueva del Fresno,3247.0
Orcheta,906.0
Cuatretondeta,130.0
Morille,221.0
Montemayor del Río,245.0
Guaza de Campos,57.0
Olea de Boedo,38.0
La Herrera,308.0
Liétor,1052.0
Piña de Esgueva,313.0
Valdunquillo,111.0
Calañas,2749.0
Aljaraque,22737
Villamuriel de Campos,55.0
San Vicente del Palacio,155.0
Alhama de Almería,3975.0
La Malahá,1928.0
Mogarraz,236.0
Vega de Tirados,139.0
Peñalén,72.0
Santiuste,15.0
Villalar de los Comuneros,469.0
Tres Cantos,54592
Senés de Alcubierre,49.0
San Martín de Trevejo,693.0
El Toboso,1702.0
Villazanzo de Valderaduey,360.0
Ariza,1096.0
Villamejil,653.0
Erandio,24659
Revenga de Campos,127.0
Aldea de San Miguel,212.0
Villaseca de la Sagra,1910.0
Yuncler,5275.0
Quintanar de la Orden,11119
Olivares de Duero,328.0
Villavicencio de los Caballeros,215.0
Jabugo,2183.0
Valsequillo de Gran Canaria,9667
Guadamur,1796.0
Zorita,1223.0
Oseja de Sajambre,214.0
Marzales,45.0
Villaseco de los Reyes,296.0
Gibraleón,12940
Cala,1106.0
Valverde-Enrique,148.0
Villaobispo de Otero,514.0
Tordellego,38.0
La Bouza,48.0
Sobrescobio,838.0
Oyarzun,10331
Redován,8183
Polop,5339
Maracena,22294
Martín de Yeltes,383.0
Mozárbez,510.0
El Sotillo,28.0
Singra,76.0
Villanueva de las Manzanas,484.0
Villamandos,272.0
Polán,3941.0
Villar de Rena,1326.0
Seno,39.0
La Sagrada,78.0
Las Veguillas,275.0
Bulbuente,250.0
Torrecilla de la Jara,227.0
Mazarrón,35449
Mañaria,539.0
Los Navalucillos,1889.0
Villalba de los Barros,1429.0
Osuna,17418
Urrea de Gaén,455.0
Montán,429.0
Hondón de las Nieves,2738.0
Casares,8111
Manilva,17857
Camuñas,1742.0
Casarrubios del Monte,6671
La Serna del Monte,110.0
Cuatretonda,2174.0
Villamol,134.0
Villaselán,180.0
Moyuela,221.0
Aldealcorvo,15.0
Villaornate y Castro,348.0
Valdastillas,332.0
Palacios de Riopisuerga,19.0
Cabrerizos,4218.0
Cantalapiedra,884.0
Llanos del Caudillo,651.0
El Campo de Peñaranda,241.0
Orbita,70.0
Gayanes,577.0
Vall de Gallinera,583.0
Borox,4306.0
Cobisa,4550.0
Griegos,154.0
La Fregeneda,296.0
Molinos,232.0
Jacarilla,2176.0
Villavieja,3054.0
Monforte de la Sierra,50.0
Las Peñas de Riglos,263.0
Santiago del Teide,11972
Zahínos,2766.0
La Jana,679.0
Graja de Iniesta,343.0
Alcaudete de la Jara,1720.0
Bargas,10978
Casla,155.0
Baños de la Encina,2542.0
Onil,7763
Vizcaínos,41.0
Casillas de Flores,171.0
Baquio,2857.0
Baldellou,81.0
Rozalén del Monte,48.0
Ares del Maestre,181.0
Hontecillas,54.0
Masegosa,58.0
Palomeque,1213.0
Villaquirán de la Puebla,45.0
Villamanrique,1050.0
San Martín de Pusa,623.0
Belvís de la Jara,1475.0
Linares de Riofrío,924.0
Azcoitia,11636
Valenzuela,1030.0
La Garrovilla,2310.0
Torralba de Oropesa,186.0
Tribaldos,101.0
Santa María del Arroyo,103.0
Ahigal de los Aceiteros,93.0
Barceo,45.0
Castellanos de Moriscos,3149.0
Casafranca,69.0
Calatorao,2970.0
Torre de Don Miguel,481.0
Arceniega,1868.0
Muga de Sayago,313.0
Cobreros,543.0
Villageriz,63.0
Perilla de Castro,150.0
Puente Genil,29963
Alconada de Maderuelo,23.0
San Martín de Rubiales,137.0
El Puente del Arzobispo,1143.0
Paredes de Escalona,133.0
Castillo de Bayuela,889.0
Villarrubia de los Ojos,9667
Romanillos de Atienza,37.0
Pozorrubio de Santiago,307.0
Paniza,574.0
Serradilla,1448.0
Santibáñez el Alto,386.0
Lahiguera,1560.0
Rotglá y Corbera,1171.0
Ayegui,2589.0
Torrecilla de los Ángeles,642.0
Navalmoralejo,56.0
Merindad de Valdeporres,412.0
Bufali,162.0
Albarreal de Tajo,804.0
Mora,9782
Los Balbases,298.0
Santibáñez de Esgueva,72.0
Ahigal de Villarino,30.0
Gumiel de Izán,587.0
Maluenda,895.0
Salvatierra de Esca,187.0
Herrera,6544
Sigüés,72.0
Viso del Marqués,2091.0
Aldeanueva de Barbarroya,456.0
Las Herencias,821.0
Aldea en Cabo,184.0
Mundaca,1816.0
Villanueva de la Sierra,478.0
Malón,474.0
Montanejos,649.0
San Carlos del Valle,1055.0
Nambroca,5151
Santa Cruz de Pinares,169.0
Villamor de los Escuderos,362.0
Vega de Villalobos,88.0
Morales de Rey,529.0
Fuentelapeña,589.0
Villar del Buey,483.0
El Pego,268.0
Moraleja de Sayago,300.0
Illueca,2782.0
Quintanilla de Onésimo,1043.0
Pedrosa del Príncipe,155.0
Parrillas,323.0
Monterrubio de la Serena,2157.0
Guadalmez,709.0
Villabrázaro,255.0
Villardeciervos,383.0
Barrado,383.0
Baélls,89.0
Beire,274.0
Mahíde,299.0
Moralina,211.0
Hervás,3898.0
Menasalbas,2465.0
Villarramiel,782.0
Moral de Sayago,265.0
Rionegro del Puente,224.0
Benabarre,1142.0
Benahavís,9244
Benarrabá,457.0
Ejea de los Caballeros,17135
Santa María del Cubillo,308.0
Pereruela,499.0
Muelas de los Caballeros,184.0
Aldealengua,730.0
Loporzano,576.0
Monachil,8349
Moclín,3503.0
Navalcán,1859.0
Velada,2899.0
Méntrida,6019
Cedillo del Condado,4525.0
Azuqueca de Henares,35924
Adamuz,4100.0
Bellreguart,5032.0
Belmonte de Campos,28.0
Belver de Cinca,1298.0
Cabañas de la Sagra,2177.0
San Vicente de Arévalo,171.0
La Fueva,597.0
Granja de Rocamora,2728.0
Murtas,431.0
Montillana,1054.0
Monforte del Cid,8777
Gistaín,114.0
Las Rozas de Madrid,99037
Torre los Negros,77.0
Numancia de la Sagra,5455
Montefrío,5376
Peralejos,89.0
Santiago de Alcántara,454.0
Piedrahita de Castro,104.0
Roelos de Sayago,133.0
Espadañedo,109.0
Montejícar,1989.0
Navas de Jorquera,521.0
Pozo Alcón,4514.0
Libros,102.0
Laperdiguera,87.0
Chueca,252.0
Beriáin,4195.0
Sahagún,2380.0
Villafranca de los Caballeros,4884.0
Villanueva de Alcardete,2910.0
Burguillos de Toledo,3872.0
Pajares de la Lampreana,282.0
Cerecinos de Campos,231.0
Morales de Valverde,156.0
Morelábor,588.0
Motilleja,673.0
Santiago del Collado,161.0
La Bóveda de Toro,682.0
Benalauría,460.0
Benaoján,1427.0
Palacios de Sanabria,233.0
Cernadilla,105.0
Puebla Tornesa,1322.0
Fresno de Sayago,137.0
Villalba de la Lampreana,212.0
Uña de Quintana,119.0
Prado,53.0
Cigales,5360
Hita,336.0
Nerpio,1136.0
Tierzo,32.0
La Oliva,30022
Cantimpalos,1533.0
Montealegre del Castillo,2051.0
Ossa de Montiel,2233.0
La Pueblanueva,2139.0
Yeles,6176
Belchite,1495.0
Jódar,11449
Arenas,1291.0
Algar,1452.0
Tafalla,10698
Domingo Pérez,418.0
Santa María de la Alameda,1584.0
Benicarló,30296
Benitachell,4911.0
Pelahustán,335.0
Huelma,5559
Ibros,2773.0
Villanueva del Arzobispo,7933
Vera de Bidasoa,3779.0
Cepeda la Mora,63.0
Salteras,5627
Villanueva de la Vera,2108.0
Ciriza,170.0
Ezprogui,48.0
Villarejo de Salvanés,7746
Villanueva de la Reina,2941.0
Lominchar,2989.0
Escalonilla,1545.0
Tomelloso,37060
Villamiel de Toledo,1097.0
Santa Marta de los Barros,4201.0
Monsagro,129.0
Herrería,13.0
Ciruelos,723.0
La Almarcha,469.0
Quero,1006.0
Santa Cecilia,107.0
Chozas de Canales,5044.0
Esquivias,5778
Arbeteta,16.0
Torralba del Río,96.0
Boadilla del Camino,111.0
Pedro Abad,2794.0
Almarza,601.0
Huarte,7562
Olazagutía,1444.0
Martiago,252.0
Larrodrigo,178.0
Rute,9779
Cañizal,410.0
Tubilla del Agua,126.0
Herreruela de Oropesa,323.0
Lillo,2519.0
Lupión,801.0
Sabiote,3742.0
Fuentes de Nava,581.0
Monterrubio de Armuña,1321.0
Vejer de la Frontera,12864
Pozoblanco,16946
Ciudad Rodrigo,11810
Noez,1058.0
Mohedas de la Jara,384.0
Tamurejo,190.0
Mejorada,1387.0
Hinojosa de San Vicente,363.0
Villalbilla de Gumiel,73.0
Villasbuenas de Gata,481.0
Villa del Rey,118.0
Gallipienzo,100.0
Curiel de Duero,111.0
Ceberio,1087.0
Uceda,3400.0
Valdepeñas de Jaén,3469.0
Mazarambroz,1251.0
Fuensalida,12329
Cuerva,1226.0
San Pablo de los Montes,1627.0
Villatuelda,41.0
Tuy,17327
Cotanes del Monte,79.0
Navianos de Valverde,157.0
Valdepiélago,306.0
Buenavista del Norte,4695.0
Villaviudas,356.0
La Vellés,566.0
Parla,137471
Posadas,7256
Algodonales,5498
Manganeses de la Lampreana,438.0
La Vídola,95.0
El Gordo,363.0
Arechavaleta,7155
Fuenlabrada de los Montes,1693.0
Bahabón,97.0
Angüés,350.0
Fuentepelayo,764.0
Trabazos,848.0
Villamuriel de Cerrato,6459
Las Navas de la Concepción,1501.0
Estadilla,810.0
Arevalillo de Cega,18.0
Ayllón,1110.0
Torre Embesora,164.0
Valverde de los Arroyos,85.0
La Encina,95.0
Aldealices,22.0
Yunclillos,819.0
Aldeanueva de San Bartolomé,404.0
Torremanzanas,749.0
El Casar,13327
Benquerencia,74.0
Ludiente,162.0
Elgorriaga,210.0
Caparroso,2882.0
Gaztelu,171.0
Covaleda,1560.0
Eslava,97.0
Ezcabarte,1901.0
Geldo,665.0
Gorga,286.0
Aldealafuente,85.0
Membrilla,5825
Valverde de la Vera,428.0
La Sotonera,879.0
Barruelo del Valle,51.0
Eulate,278.0
Falces,2389.0
Alentisque,23.0
Noalejo,1721.0
Jérez del Marquesado,955.0
Miranda de Arga,903.0
Cabanillas del Campo,11034
Niebla,4268.0
Alhama de Aragón,917.0
Fuenllana,189.0
Casar de Palomero,991.0
Escacena del Campo,2327.0
Benamargosa,1560.0
Robledo del Mazo,249.0
Alcañizo,259.0
Mancha Real,11375
Matilla de los Caños,116.0
La Victoria,2320.0
Villa del Río,6882
Graus,3400.0
Bolbaite,1320.0
Almajano,179.0
Villanueva de los Castillejos,2967.0
Sumacárcel,1013.0
Bárcabo,116.0
Marchamalo,8273
Adradas,65.0
Santaella,4641.0
Belmez,2833.0
Ujué,168.0
Bonete,950.0
Alconaba,198.0
Villanueva de la Fuente,1831.0
Huecas,890.0
Báguena,278.0
Lemóniz,1347.0
Abejar,287.0
Miranda del Castañar,361.0
Atalaya del Cañavate,91.0
Las Valeras,1528.0
Calatañazor,43.0
Villanueva de la Torre,6603
Cardiel de los Montes,406.0
La Alberca de Záncara,1504.0
Herbés,68.0
Sotillo de las Palomas,184.0
Cabezamesada,343.0
Villarejo de Montalbán,83.0
Carranque,5274
Alcubilla de Avellaneda,111.0
Redueña,288.0
Riocabado,129.0
Casarejos,145.0
Cerbón,27.0
Montejo de Arévalo,158.0
Oliva de Mérida,1660.0
Fuente el Fresno,3011.0
Los Cortijos,848.0
Cártama,29333
Villajoyosa,37449
Totalán,797.0
Onteniente,37012
Mazuecos,267.0
Milles de la Polvorosa,206.0
Gurrea de Gállego,1430.0
Peralta de Calasanz,206.0
Canfranc,633.0
Benuza,457.0
Rabanales,497.0
Belmonte,1751.0
Almazul,61.0
Obanos,924.0
Sansol,89.0
Petilla de Aragón,29.0
Capdesaso,190.0
La Cueva de Roa,82.0
Caspueñas,120.0
Granadilla de Abona,58752
Huélamo,68.0
Villanueva de la Cañada,24028
Santa Cruz de la Sierra,317.0
Castrodeza,148.0
El Carrascalejo,80.0
El Garrobo,800.0
Yesa,297.0
Peralta,5979
Lerín,1821.0
Uterga,177.0
Alpanseque,52.0
Villacarlos,7670
Peralejos de Abajo,162.0
Miño de Medinaceli,73.0
La Puerta de Segura,2223.0
Poblete,2998.0
Arcos de Jalón,1531.0
Aldehuela de Periáñez,27.0
Aljucén,252.0
Munera,3351.0
Sondica,4670.0
Tardajos,862.0
Gádor,3130.0
Valdemora,58.0
Campillo de Deleitosa,82.0
Manzaneque,407.0
Rielves,900.0
Castelflorite,102.0
Parcent,1037.0
Casillas de Coria,354.0
Villarrubio,211.0
Villamesías,271.0
Granátula de Calatrava,683.0
Vinuesa,826.0
Horcajo de los Montes,798.0
Carrizosa,1097.0
Peñalba,657.0
Lanaja,1140.0
Alcubilla de las Peñas,61.0
Aldealseñor,29.0
Hurones,59.0
Alcabón,792.0
Cidones,313.0
Cigudosa,14.0
Torreperogil,7108
Valdehúncar,188.0
Beratón,38.0
Onda,26190
San Mateo,2021.0
Loranca de Tajuña,1624.0
La Joyosa,1156.0
Villanueva de Gumiel,281.0
Villaverde del Monte,112.0
Almenar de Soria,233.0
Lodosa,4964.0
Echauri,671.0
Montejo,186.0
Sotragero,300.0
Daroca,1899.0
Hinojosa del Campo,24.0
Castilfrío de la Sierra,35.0
Castilruiz,170.0
Aracaldo,156.0
Castejón de Sos,840.0
Viacamp y Litera,40.0
Santa Cruz de Paniagua,286.0
Aramayona,1354.0
Ribesalbes,1191.0
Torrecampo,992.0
Robledillo de Trujillo,394.0
Castrillo Mota de Judíos,48.0
Tramaced,108.0
Lascuarre,139.0
Valsequillo,351.0
Villafranca de Bonany,3929.0
Bujalance,7186
Villatuerta,1256.0
San Martín de Unx,352.0
Villariezo,731.0
Villagalijo,52.0
Bétera,28560
Bullas,11664
Maján,10.0
Carabantes,21.0
Aldealpozo,18.0
Coscurita,69.0
Villegas,83.0
Vileña,23.0
Canencia,475.0
Rascafría,1704.0
Santervás de la Vega,392.0
Villamanín,863.0
Soliedra,37.0
Ingenio,32905
La Victoria de Acentejo,9228
Alboloduy,579.0
San Juan del Puerto,9659
Amézqueta,956.0
Navarredonda y San Mamés,163.0
Candilichera,99.0
Ausejo de la Sierra,113.0
Tejeda,1806.0
San Juan de la Rambla,4987.0
Sella,621.0
Camporrélls,153.0
El Escorial,16873
Molinos de Duero,162.0
Huertahernando,51.0
Montesa,1128.0
Artana,1993.0
Royuela de Río Franco,169.0
Viator,6160
Benizalón,242.0
Alsodux,126.0
Arévalo de la Sierra,71.0
Pozalmuro,49.0
Benamejí,4895.0
Daimuz,3524.0
Ceráin,284.0
Barcones,25.0
Tabernas,3991.0
Rioja,1609.0
Villarejo-Periesteban,375.0
Lécera,578.0
San Agustín del Guadalix,13650
Madarcos,69.0
Echarri,78.0
Villanueva de Teba,43.0
Samaniego,292.0
Moraleja,6585
El Gastor,1675.0
Pinarejo,172.0
Cañaveral de León,389.0
Güímar,22009
Cabrejas del Pinar,288.0
Santa Eulalia del Río,42479
Villasayas,59.0
Tegueste,11344
Vilaflor de Chasna,1930.0
Cogolludo,574.0
Luque,2796.0
Taroda,45.0
Montuiri,3289.0
Novelda,26606
Vozmediano,29.0
Celada del Camino,91.0
Forfoleda,207.0
Alhaurín de la Torre,45066
Rezmondo,18.0
Villafruela,140.0
Velilla del Río Carrión,1104.0
Población de Campos,119.0
Cendea de Cizur,3949.0
Borriol,5865
Santa Cruz de Nogueras,24.0
Vegalatrave,79.0
La Calzada de Oropesa,514.0
Palenciana,1431.0
Encinas Reales,2208.0
Villaescusa la Sombría,61.0
Villayerno Morquillas,208.0
San Nicolás del Puerto,604.0
Guadalcanal,2544.0
Alcolea,829.0
Oria,2219.0
Lapuebla de Labarca,895.0
Ribera Baja,1477.0
Hernán-Pérez,401.0
Velefique,230.0
Cascante,4231.0
Vega de San Mateo,7782
Frigiliana,3383.0
Ojén,4755.0
Luesia,332.0
Orba,2399.0
Valleseco,3775.0
Santa María de Guía de Gran Canaria,13948
Valtajeros,16.0
Castilblanco de los Arroyos,5107
Villares de Jadraque,39.0
Tuineje,15967
Moya,7889
Betancuria,801.0
Nepas,49.0
Antas,3472.0
Cifuentes,1731.0
Simancas,5493
Olula de Castro,175.0
Purchena,1563.0
Sinéu,4537.0
Santa María del Camino,7552
Castillonroy,334.0
Villamarchante,10772
La Aldea de San Nicolás,7506
Campo,491.0
Cullera,24702
Rublacedo de Abajo,37.0
Villamayor de Treviño,59.0
Fuentelsaz,82.0
Carrión de los Condes,1997.0
Casas del Castañar,583.0
Gaucín,1620.0
Campillos,8435
San José,29761
Osso de Cinca,644.0
Navares de Enmedio,90.0
Nieva,256.0
Alcubierre,401.0
Alboraya,26273
Villanueva de Sigena,340.0
Ferrerías,5051
San Lorenzo del Cardezar,9227
San Antonio de Benagéber,10200
Muñogalindo,299.0
Pegalajar,2830.0
El Espinar,9814
Ohanes,553.0
Urcabustaiz,1470.0
Cubilla,22.0
Castillejo de Robledo,100.0
Huerto,216.0
Canal de Berdún,322.0
Sencelles,3973.0
Albero Alto,123.0
Murillo de Gállego,194.0
La Guancha,5562
Escobosa de Almazán,19.0
Cuart de Poblet,26967
Lezama,2430.0
Malpartida de Cáceres,4027.0
Estepa de San Juan,13.0
Torrente de Cinca,1037.0
Villarrodrigo,371.0
Tacoronte,24619
Itero de la Vega,147.0
Alange,1802.0
Cazalla de la Sierra,4626.0
El Rubio,3287.0
Els Poblets,2757.0
Sesa,167.0
Calera y Chozas,4834.0
Sequera de Fresno,42.0
Encinasola,1232.0
El Cerro de Andévalo,2246.0
Mondéjar,2918.0
Villares de Órbigo,557.0
Valverdón,266.0
Rueda,1118.0
Oliva de la Frontera,4907.0
Enix,612.0
Pulgar,1608.0
Mercadal,5939
El Pedroso,2062.0
Librilla,5729
Villalcázar de Sirga,160.0
Orbaneja Riopico,341.0
Pozuelo de Tábara,150.0
Azután,286.0
Montizón,1574.0
Santa Cruz de los Cáñamos,463.0
La Torre de Esteban Hambrán,1946.0
Aveinte,67.0
Portillo de Toledo,2384.0
Casariche,5305
Valfarta,54.0
Valle de Lierp,52.0
La Matanza de Acentejo,9092
Diezma,829.0
Pinedas,88.0
Robres,524.0
Guadalest,284.0
Cariñena,3530.0
Puigpuñent,2049.0
San Juan Bautista,7046.0
Villar de Cañas,389.0
Alcampell,650.0
La Nucía,18970
Las Aldehuelas,58.0
Bayubas de Arriba,56.0
Luna,674.0
Fago,24.0
Casavieja,1362.0
Mombeltrán,922.0
Santa Eugenia,1902.0
Santañí,12480
Santa Brígida,18510
Santa Margarita,13160
Muriel Viejo,73.0
Oncala,61.0
El Castillo de las Guardas,1501.0
Pedroche,1441.0
Esplús,676.0
Es Migjorn Gran,1765.0
Bliecos,25.0
Peraleda del Zaucejo,465.0
Helechosa de los Montes,556.0
Borobia,218.0
Puebla del Maestre,653.0
Garlitos,510.0
Malcocinado,343.0
Manchita,741.0
Condado de Treviño,1468.0
San Luis,7019
Santa Cruz de la Serós,193.0
Alba de Tormes,5058
Espinosa del Camino,43.0
Moratalla,7588
San Javier,36524
Castildelgado,34.0
Cardeñuela Riopico,106.0
Villaveza del Agua,162.0
Moncada,22213
Museros,6741
El Palmar de Troya,2301.0
Hornachos,3375.0
Sanlúcar la Mayor,14172
Palazuelos de Muñó,52.0
Alpedrete,15312
Carrión de los Céspedes,2647.0
Lantarón,929.0
Villarmentero de Campos,26.0
Martinamor,91.0
Nebreda,50.0
Boecillo,4446.0
La Puebla,14164
Selva,4326.0
La Parra,1297.0
Hinojosa del Valle,472.0
Novales,154.0
Monesma y Cajigar,68.0
Isábena,234.0
El Pinar,867.0
Miranda de Azán,451.0
Moríñigo,93.0
Mancor del Valle,1692.0
Estellenchs,369.0
Buberos,27.0
San Miguel de Salinas,6798
La Puebla de Castro,430.0
Espiel,2326.0
Tomares,25432
Cuevas Labradas,126.0
La Mata de Ledesma,98.0
Garcihernández,412.0
La Alberca,1034.0
Monleras,241.0
Madroñal,128.0
Machacón,442.0
Parada de Arriba,264.0
Gatica,1633.0
Rollán,317.0
El Coronil,4659.0
Feria,1054.0
Redecilla del Camino,98.0
Rabé de las Calzadas,259.0
Castro del Río,7665
Cañete de las Torres,2766.0
Cabrejas del Campo,48.0
Torres de Barbués,271.0
Piracés,92.0
Donvidas,31.0
Coria del Río,31278
Membribe de la Sierra,101.0
La Maya,163.0
Mairena del Aljarafe,48017
Esparragalejo,1506.0
Orellana la Vieja,2580.0
Lloret de Vista Alegre,1691.0
Frómista,727.0
Puebla de la Reina,689.0
Higuera de la Serena,881.0
Píñar,1040.0
Garcibuey,186.0
Campillo de Llerena,1321.0
Huércal-Overa,20860
Villamiel de la Sierra,43.0
Pulianas,5559
Zúñiga,78.0
Torrejón el Rubio,537.0
Santa Fe,15105
Arauzo de Salce,44.0
Brazacorta,43.0
Castigaleu,80.0
Inca,36262
Garachico,4940.0
Villaharta,630.0
Villanueva de Tapia,1391.0
Fresno del Río,169.0
Carrascosa de la Sierra,19.0
Manzanares,17732
Palma del Río,20438
Pedraza,335.0
Cieza,35577
Constantina,5742
Romanzado,180.0
Uleila del Campo,815.0
Pechina,4552.0
Brahojos de Medina,96.0
Mayorga,1354.0
Granja de Torrehermosa,1913.0
Fuendetodos,130.0
Puebla de Obando,1809.0
Moreruela de Tábara,290.0
Bédar,953.0
El Bodón,247.0
Altable,44.0
Barbadillo del Pez,64.0
Maguilla,919.0
Montemolín,1231.0
Fornaluch,743.0
Marrachí,40422
Escorca,199.0
Armañanzas,47.0
Rubite,419.0
Anguix,166.0
Araúzo de Miel,260.0
Higuera de Llerena,343.0
Fuente la Lancha,330.0
Mudá,81.0
Cervatos de la Cueza,241.0
Retortillo,172.0
El Molar,9759
Bahabón de Esgueva,80.0
Alfoz de Quintanadueñas,2158.0
Rubí de Bracamonte,207.0
Romanones,127.0
Esparragosa de la Serena,912.0
Dos Torres,2340.0
Villafranca,3163.0
Villacarralón,71.0
Zarza Capilla,295.0
San Pedro,1155.0
Fuentecambrón,29.0
Almonacid de Toledo,991.0
San Rafael del Río,532.0
Siruela,1766.0
La Roca de la Sierra,1454.0
Garbayuela,450.0
La Coronada,2136.0
Aguilar de Bureba,46.0
Bascuñana,20.0
Padules,438.0
Monreal,511.0
Castrillo de Don Juan,177.0
Valle de Matamoros,337.0
Montalbanejo,82.0
Soportújar,260.0
Salar,2582.0
Canredondo,81.0
Consell,4521.0
Las Pedroñeras,6638
Olivares de Júcar,290.0
Pineda de Gigüela,58.0
Piqueras del Castillo,36.0
Berlangas de Roa,204.0
Aguas Cándidas,61.0
Montalbo,703.0
Quintanar del Rey,7554
Bañalbufar,913.0
Torre-Pacheco,41479
Salinas del Manzano,86.0
Riola,1820.0
Benavente,17261
Almazora,29159
Golosalvo,79.0
Villamantilla,1660.0
Villamanta,2899.0
Monasterio de la Sierra,38.0
Puerto Lumbreras,17346
Barrios de Colina,55.0
Berberana,52.0
Campezo,1073.0
Montoro,9125
Guisando,458.0
El Oso,125.0
Villafranca de los Barros,12366
Esguevillas de Esgueva,257.0
Villanueva de Algaidas,4084.0
Almáchar,1959.0
Las Tres Villas,547.0
Paterna del Río,399.0
Villavaliente,190.0
Villatoya,114.0
Purullena,2409.0
Santa Cruz del Comercio,523.0
Sorvilán,521.0
El Frasno,370.0
Villar de Olalla,1575.0
Olmeda del Rey,129.0
Canillas de Aceituno,1801.0
Salares,194.0
Cuevas de San Marcos,3647.0
Canillas de Albaida,807.0
Sierra de Yeguas,3418.0
Toril,157.0
Higuera de Albalat,102.0
Puebla de Don Fadrique,2195.0
Mendaza,284.0
Alcalá del Valle,4864.0
Quijorna,4044.0
Valdemanco,1097.0
Yunquera,2828.0
Pedrezuela,6400
Villatobas,2964.0
Fuentelespino de Moya,101.0
La Frontera,4660.0
La Hinojosa,184.0
Valle de Abdalajís,2439.0
Corpa,832.0
Braojos de la Sierra,233.0
Cerezo,147.0
Huarte-Araquil,770.0
Villapalacios,539.0
Villaverde de Guadalimar,325.0
Aldehuela del Codonal,24.0
La Granja,313.0
Lagrán,177.0
Valle de Arana,212.0
Vergara,14487
Leza,205.0
Illán de Vacas,8.0
El Barco de Ávila,2308.0
Baños de Ebro,286.0
Elburgo,642.0
Montorio,138.0
Badolatosa,3058.0
Cuevas del Becerro,1617.0
La Viñuela,2044.0
Puerto Castilla,99.0
Medinilla,79.0
El Guijo,342.0
Obejo,2101.0
Requena de Campos,27.0
Salvador de Zapardiel,99.0
Belbimbre,53.0
El Carpio,4327.0
Quintana de la Serena,4429.0
Pueblonuevo del Guadiana,1955.0
La Haba,1184.0
Partaloa,836.0
Bornos,7559
Castro de Fuentidueña,41.0
Ribota,40.0
Orbaiceta,186.0
Olóriz,210.0
Olejua,49.0
Villardefrades,145.0
Castronuevo de Esgueva,412.0
Bocigas,75.0
Tiedra,273.0
Tabanera la Luenga,51.0
Zarzuela del Monte,507.0
Cubillo,74.0
Valdelaguna,1122.0
El Vellón,2281.0
Lana,149.0
Larraga,2158.0
Morentin,110.0
Montijo,15312
Don Álvaro,841.0
Ituren,543.0
Imoz,433.0
Lanz,150.0
Metauten,263.0
Gilena,3647.0
Puebla de la Calzada,5812
Talavera la Real,5282
Osornillo,57.0
San Pablo de la Moraleja,113.0
Torredonjimeno,13301
Portilla,58.0
Puebla del Prior,462.0
Mengabril,504.0
Peñacerrada,332.0
Valdegovía,1064.0
Villamayor de los Montes,157.0
Villamedianilla,9.0
Icazteguieta,498.0
Escalona,3987.0
Vallarta de Bureba,41.0
Redecilla del Campo,65.0
Liédena,354.0
Urraúl Alto,136.0
Ribaforada,3697.0
Villaverde-Mogina,68.0
Revillarruz,621.0
Quintanapalla,123.0
Valle de Losa,486.0
Torrecaballeros,1505.0
Almenara,6591
Retuerta,56.0
Villaldemiro,92.0
Revilla de Collazos,75.0
Cabezón de Valderaduey,24.0
Medranda,83.0
Cármenes,356.0
Villalmanzo,409.0
Villaespasa,21.0
Valles de Palenzuela,74.0
Piedramillera,46.0
Santacara,874.0
Espera,3755.0
Prado del Rey,5634
Albox,12311
Cordobilla de Lácara,815.0
Salinas de Oro,110.0
Echarri Aranaz,2551.0
Bélgida,651.0
Valleruela de Pedraza,61.0
Turégano,1007.0
Valdevacas de Montejo,29.0
Valdeprados,63.0
Ergoyena,392.0
Urroz-Villa,403.0
Iruña de Oca,3704.0
Alcalá del Río,12288
El Arco,85.0
Benavites,652.0
Iturmendi,428.0
Larraona,100.0
Palacios del Sil,862.0
Cabrillanes,687.0
Turón,203.0
Vegas del Genil,12165
Fuenterrebollo,313.0
Fresno de la Fuente,75.0
Quintanaélez,44.0
Vallejera,38.0
Trevélez,698.0
La Taha,777.0
Vegas de Matute,370.0
Cobos de Fuentidueña,25.0
Regumiel de la Sierra,304.0
Quintanilla Vivar,890.0
Sebúlcor,239.0
Valle de Tabladillo,78.0
Santo Tomé del Puerto,230.0
Santoyo,187.0
Villanuño de Valdavia,91.0
Valde-Ucieza,77.0
Quintanabureba,29.0
Quintanaortuño,297.0
Medina de las Torres,1160.0
Madrigal de las Altas Torres,1281.0
Esteríbar,2918.0
Valle del Zalabí,2128.0
Cortes de la Frontera,3048.0
Leiza,3011.0
Urraúl Bajo,330.0
Erasun,155.0
Lazagurría,170.0
Larráun,918.0
Torre-Cardela,700.0
Albatera,13092
El Valle,941.0
Torvizcón,608.0
Mirafuentes,56.0
Urzainqui,76.0
Briviesca,6414
Adanero,207.0
Castillejo de Mesleón,119.0
Cilleruelo de San Mamés,41.0
Robledillo de la Vera,252.0
Valverde de Burguillos,260.0
Huerta de la Obispalía,126.0
Huérguina,41.0
Fuentenebro,137.0
Valle de Santa Ana,1090.0
Pescueza,150.0
Quintanilla del Agua y Tordueles,336.0
Andilla,338.0
Alborache,1568.0
Tolocirio,38.0
Sanchonuño,1053.0
Navalilla,90.0
Albaida,6102
Carrícola,97.0
la Mata de Morella,196.0
Zorita del Maestrazgo,118.0
Fuentes Claras,428.0
San Martín del Castañar,233.0
Válor,658.0
Población de Cerrato,102.0
Poza de la Vega,160.0
Aceuchal,5446
La Lapa,298.0
Navaluenga,2135.0
Moriles,3667.0
Beniflá,505.0
Alfahuir,515.0
San Pedro de Gaíllos,315.0
Condado de Castilnovo,74.0
Grajera,252.0
Fuentesoto,96.0
Saldías,125.0
Murieta,345.0
Prádanos de Bureba,54.0
Fresno de Rodilla,49.0
La Revilla y Ahedo,97.0
Hacinas,145.0
Ruanes,82.0
Valverde de Llerena,560.0
Romangordo,240.0
Poza de la Sal,278.0
Villangómez,229.0
Torrequemada,564.0
Valverde de Valdelacasa,57.0
San Miguel de Valero,308.0
Turrillas,256.0
Peñarroya-Pueblonuevo,10317
Cañada Juncosa,213.0
Buenache de Alarcón,447.0
Nueva Carteya,5317
Los Gallardos,3110.0
Salinas de Pisuerga,348.0
Soto de Cerrato,166.0
Doña Mencía,4465.0
Santa Amalia,3881.0
Boniches,135.0
Canalejas del Arroyo,153.0
Tarazona de Guareña,261.0
Benimodo,2332.0
Bellús,317.0
Casas Altas,118.0
Nava de Francia,116.0
Medina de Rioseco,4617.0
La Vid y Barrios,237.0
Zubieta,292.0
Junta de Villalba de Losa,79.0
La Garganta,353.0
Peraleda de la Mata,1444.0
Hortigüela,103.0
Zugarramurdi,213.0
Tardáguila,193.0
Encinasola de los Comendadores,146.0
Iza,1459.0
El Peral,660.0
Huerta del Marquesado,155.0
Jaraicejo,418.0
Gargantilla,346.0
Fresnedoso de Ibor,236.0
Valdeobispo,617.0
Mendigorría,1261.0
San Miguel del Robledo,52.0
El Robledo,1078.0
Rivas-Vaciamadrid,103148
Portaje,379.0
Piedras Albas,125.0
Zarzuela,174.0
Huelves,105.0
Carrascosa de Haro,87.0
Castillejo de Iniesta,94.0
Portell de Morella,155.0
Salsadella,671.0
Rafelguaraf,2395.0
Turleque,702.0
Quintanilla de la Mata,109.0
Madrigalejo del Monte,160.0
Puebla del Príncipe,648.0
Cervera del Llano,220.0
Beteta,253.0
Fuertescusa,65.0
Ibahernando,538.0
Marchagaz,231.0
Aras de los Olmos,401.0
Alginet,14442
Esparragosa de Lares,839.0
Fuente del Maestre,6626
Casas del Monte,761.0
Morcillo,378.0
Castro de Filabres,101.0
Garrucha,10336
Gejuelo del Barro,31.0
Villarmuerto,38.0
Bogajo,124.0
Iznalloz,5161
Antella,1130.0
Horcajo de Santiago,3894.0
La Llosa,1033.0
Presencio,212.0
Cilleruelo de Abajo,209.0
Villamoronta,236.0
Villaturde,148.0
Tordillos,306.0
Nava de Sotrobal,147.0
Cárcer,1795.0
Bernardos,462.0
Herrera del Duque,3385.0
La Mojonera,8778
Alfara de la Baronía,624.0
Almiserat,278.0
Alcolea de Calatrava,1360.0
Estella,14195
Chumillas,49.0
Casas de Guijarro,105.0
Benisuera,196.0
Anaya,111.0
Henarejos,134.0
Fuentenava de Jábaga,634.0
Cardenete,479.0
Mira,917.0
Vallada,3091.0
Echevarría,791.0
Navalvillar de Pela,4303.0
Cabañas del Castillo,406.0
Porzuna,3529.0
Yecla de Yeltes,223.0
Navalmoral de Béjar,57.0
Almendral de la Cañada,341.0
Pozuelo de Calatrava,4055.0
Milagro,3741.0
Wamba,289.0
Marañón,50.0
El Berrueco,795.0
Madrigal del Monte,141.0
Malpartida de Plasencia,4666.0
El Buste,60.0
Coca,1706.0
Campo de San Pedro,257.0
Arcas,2332.0
Tejeda y Segoyuela,97.0
Sallent de Gállego,1505.0
Alcalá de la Vega,80.0
Aliaguilla,594.0
Barajas de Melo,1011.0
La Pesquera,228.0
Reillo,106.0
El Ronquillo,1453.0
Mahamud,107.0
Escurial,855.0
Manciles,21.0
Fuentebureba,58.0
Padrones de Bureba,49.0
Mohedas de Granadilla,817.0
La Vid de Bureba,26.0
Yémeda,18.0
Villanueva del Rosario,3470.0
Melgar de Fernamental,1496.0
Ibrillos,30.0
Villamartín,12165
Talayuela,7273
Trabanca,159.0
Garcirrey,52.0
Yésero,60.0
Carucedo,479.0
Corullón,789.0
Candeleda,5001
Carracedelo,3423.0
Hernani,20375
Villanueva de San Juan,986.0
La Aldea del Obispo,290.0
Aldea del Cano,609.0
Monroy,909.0
Valverde del Fresno,2143.0
Gallegos del Pan,118.0
Navarredonda de la Rinconada,153.0
Ariañy,1072.0
Ansoáin,10608
Merindad de Cuesta-Urria,263.0
Castrocontrigo,623.0
Fontiveros,715.0
Fabero,3998.0
Sanchotello,206.0
San Vicente de Alcántara,5262
Santa Comba,9342
Moreda de Álava,218.0
Yepes,5397
Navaridas,192.0
Fresneda de Altarejos,35.0
Castillo de Garcimuñoz,129.0
La Carolina,14801
Alquiza,352.0
El Bosque,2242.0
Membrillera,95.0
Alameda del Valle,267.0
Escurial de la Sierra,233.0
Arcos de la Sierra,77.0
Almodóvar del Pinar,401.0
Los Barrios de Bureba,179.0
Pasarón de la Vera,588.0
Valle de Manzanedo,115.0
Meñaca,789.0
Arrecife,70811
Fuente Obejuna,4309.0
La Granjuela,412.0
El Picazo,693.0
Fuente de Pedro Naharro,1290.0
Barchín del Hoyo,104.0
Hinojosa del Duque,6579
Sopelana,14872
Arico,9020
Alcázar del Rey,171.0
Palacios del Arzobispo,141.0
El Tejado,83.0
Cabanillas,1373.0
Merindad de Sotoscueva,399.0
Zalduendo de Álava,195.0
Fuente Palmera,9850
Ribera del Fresno,3130.0
San Pedro de Mérida,859.0
Salvatierra de los Barros,1546.0
Belvís de Monroy,774.0
Canet de Berenguer,7265
Valdemierque,58.0
Villaluenga del Rosario,463.0
Ibieca,110.0
Salvaleón,1645.0
Sancti-Spíritus,713.0
Amayuelas de Arriba,36.0
Denia,47261.0
Madrigalejo,1710.0
Palazuelos de la Sierra,95.0
La Calzada de Béjar,80.0
Becerril de la Sierra,6277
San Martín de Valderaduey,47.0
Magaña,61.0
San Morales,346.0
Villar de la Yegua,151.0
Millanes,239.0
Portezuelo,196.0
Puerto de Béjar,342.0
Villagonzalo de Tormes,212.0
Bercial,102.0
Villar de Argañán,95.0
Villar de Ciervo,253.0
Solana de los Barros,2522.0
La Bañeza,10047
Cegama,1543.0
Villabuena de Álava,276.0
Alconchel de la Estrella,75.0
Almendros,240.0
Campillo de Azaba,146.0
Aldeacipreste,89.0
Barbadillo,391.0
Cárcar,1156.0
Calzada de Don Diego,127.0
Camporrobles,1183.0
El Maíllo,282.0
Adrada de Pirón,39.0
Etayo,72.0
Sorihuela,255.0
Serradilla del Llano,136.0
Saldeana,96.0
Fuente Álamo de Murcia,18063
Cigoitia,1845.0
Yécora,278.0
Salmeroncillos,106.0
Villar de Plasencia,224.0
Piérnigas,43.0
Ciruelos de Cervera,90.0
Valdorros,377.0
Mata de Alcántara,300.0
Los Ausines,143.0
Hornachuelos,4383.0
Montalbán de Córdoba,4401.0
Belinchón,453.0
Las Majadas,214.0
Villacañas,9511
Cobeña,7698
Santa Úrsula,15285
Casas del Puerto,80.0
Carrascal de Barregas,1456.0
Cadreita,2187.0
Castrillo del Val,858.0
Guijo de Granadilla,497.0
Casas de Don Antonio,167.0
Gargüera de la Vera,187.0
Saelices,475.0
Cabezabellosa,317.0
Iruraiz-Gauna,559.0
Los Corrales de Buelna,10785
Mendavia,3588.0
Saceda-Trasierra,33.0
Frúniz,591.0
Basconcillos del Tozo,276.0
Alhabia,743.0
Quintana del Marco,299.0
Veganzones,211.0
Castroserna de Abajo,31.0
Socovos,1643.0
Búger,1215.0
Garciaz,666.0
Hontoria de Valdearados,152.0
Villaseco de los Gamitos,138.0
San Muñoz,192.0
Valleruela de Sepúlveda,48.0
Pajarejos,22.0
Albaida del Aljarafe,3220.0
Sot de Chera,427.0
Villalba de los Llanos,107.0
Valdehijaderos,84.0
Valdenuño Fernández,359.0
Peñafiel,5172
Grañén,1718.0
Cózar,903.0
Aldealengua de Pedraza,78.0
Riaza,2128.0
El Milano,88.0
Torresmenudas,192.0
Éjeme,139.0
Cáseda,912.0
Alcudia de Crespins,5361
Valverde del Majano,1097.0
Juarros de Riomoros,53.0
Carcastillo,2408.0
Aldeavieja de Tormes,100.0
Santiz,225.0
Caballar,78.0
Bertizarana,668.0
Fuentecén,246.0
Navas de Oro,1305.0
Carabias,55.0
Santa Marta del Cerro,45.0
Sobradillo,170.0
Cerezo de Arriba,119.0
Gemuño,147.0
Magaz de Pisuerga,1065.0
Miraveche,92.0
Fresnillo de las Dueñas,703.0
Valdecarros,296.0
Lanciego,700.0
Cuadros,2075.0
Llamas de la Ribera,783.0
Pájara,21570
Mendata,382.0
Castrocalbón,898.0
Carrocera,437.0
San Millán de los Caballeros,191.0
Cubillas de Rueda,376.0
Cea,373.0
Garrafe de Torío,1649.0
Santa María de Ordás,327.0
Dima,1531.0
Herradón de Pinares,526.0
Abajas,28.0
Santa María de Sando,91.0
Bernuy de Porreros,1342.0
Pinilla Trasmonte,152.0
Valdezate,115.0
La Puebla de Almoradiel,4950.0
Olvera,7887
Itero del Castillo,74.0
Carabaña,2451.0
Talayuelas,873.0
Narboneta,42.0
Poliñá de Júcar,2577.0
Villagarcía del Llano,763.0
Camarma de Esteruelas,7792
Buitrago del Lozoya,2034.0
Los Santos de la Humosa,2867.0
Cadalso de los Vidrios,3372.0
Alconada,130.0
Añover de Tormes,84.0
Ciérvana,1512.0
Cheste,8962
Navacerrada,3311.0
Santa María del Campo Rus,527.0
San Lorenzo de la Parrilla,1119.0
Cabañas de Polendos,202.0
Honrubia de la Cuesta,49.0
San Pedro del Valle,143.0
Alcántara de Júcar,1468.0
Villanueva de Gómez,119.0
Riello,570.0
Palacios de la Valduerna,341.0
Cimanes del Tejar,710.0
Castilfalé,58.0
Sabiñánigo,9423
Épila,4704.0
Oropesa del Mar,10958
Alfafar,22270
Villar y Velasco,91.0
Almácera,7504
Castejón,4725.0
Ledaña,1552.0
Laguna del Marquesado,54.0
Valdeolmillos,56.0
Arcones,179.0
Murias de Paredes,337.0
Rioseco de Tapia,409.0
La Morera,698.0
Torrehermosa,69.0
Yurreta,3897.0
Donamaría,446.0
Campo de Mirra,447.0
Cañada,1213.0
Santa Cristina de Valmadrigal,278.0
Grajal de Campos,200.0
Majaelrayo,60.0
Pinilla de Molina,13.0
Arandilla del Arroyo,14.0
La Cierva,39.0
Tielmes,2964.0
Santibáñez de Béjar,448.0
Sequeros,216.0
Santa María de la Isla,429.0
Campo de Villavidel,209.0
Molinillo,43.0
Espino de la Orbada,238.0
La Redonda,61.0
Izagre,133.0
Calpe,27616
Trespaderne,721.0
Peñalsordo,805.0
Marinaleda,2562.0
Fombuena,59.0
Quintana del Castillo,699.0
Campazas,110.0
Pitillas,520.0
Pozo de Guadalajara,1739.0
Foyos,7641
San Adrián,6429
Medellín,2241.0
Sueca,29194
Rubielos de Mora,600.0
Villafranca de Ordizia,10641
Vertavillo,162.0
Gordaliza del Pino,238.0
Castrillo de la Valduerna,136.0
Villalcón,45.0
Sanchón de la Ribera,66.0
San Román de la Cuba,53.0
Valderrábano,47.0
Pinilla de Jadraque,47.0
Pozo de Almoguera,110.0
Tárbena,662.0
Sueras,593.0
Pozuelo del Páramo,374.0
Prado de la Guzpeña,108.0
Sax,10072
Alcorisa,3243.0
Hoyo de Manzanares,8973
Múgica,1546.0
Urueñas,105.0
Basardilla,136.0
Leganiel,223.0
Valle de Elorz,8486.0
Matanza de los Oteros,157.0
Tiebas-Muruarte de Reta,693.0
Fines,2404.0
San Pedro de Rozados,273.0
Sanchón de la Sagrada,43.0
Pajares de los Oteros,245.0
San Pedro Bercianos,218.0
Santa Marina del Rey,1718.0
Abalcisqueta,321.0
Crémenes,497.0
Torrevelilla,161.0
Haría,5507
Bidegoyan,530.0
Valdecasa,54.0
Pedernales,362.0
El Acebrón,234.0
San Cristóbal de la Cuesta,1169.0
Zarza de Tajo,320.0
Arrancacepas,14.0
María de la Salud,2461.0
Tramacastiel,62.0
Dosbarrios,2228.0
Blasconuño de Matacabras,14.0
Navarredonda de Gredos,451.0
Santa María la Real de Nieva,906.0
Zafarraya,2244.0
San Esteban de Nogales,239.0
Regueras de Arriba,263.0
Talarrubias,3251.0
Arrancudiaga,1018.0
Berrocalejo de Aragona,55.0
Poveda de las Cintas,197.0
El Valle de Altomira,191.0
Luyego,537.0
San Emiliano,585.0
Abarca de Campos,38.0
Moncalvillo,77.0
Albal,17024
Lagunaseca,50.0
San Felices de los Gallegos,355.0
Cebanico,146.0
Lezo,6008
Alacuás,30166
Vega del Codorno,141.0
Villarta,853.0
Salobre,442.0
Valencina de la Concepción,8029
Sot de Ferrer,492.0
Sarratella,113.0
Valle de Villaverde,249.0
Zuera,8677
Santa Marta de Tormes,14683
Nava de la Asunción,2806.0
Caldearenas,220.0
Pedralba de la Pradería,198.0
Algemesí,28306
Valdemorillo de la Sierra,49.0
Todolella,136.0
San Agustín,132.0
Zafra de Záncara,92.0
Andoáin,14555
Benisa,12279
Mantiel,28.0
San Vicente de la Cabeza,309.0
San Miguel de la Ribera,244.0
Barcial del Barco,254.0
Hontoria de Cerrato,108.0
Husillos,413.0
Valdeolivas,206.0
Villanueva de Guadamejud,59.0
Magaz de Cepeda,345.0
Matadeón de los Oteros,212.0
Rágol,297.0
Burgohondo,1269.0
Bercimuel,34.0
Dios le Guarde,116.0
Puebla de Yeltes,136.0
Villar de Peralonso,212.0
Castrillo de Cabrera,100.0
Gusendos de los Oteros,123.0
Almadén de la Plata,1328.0
Coripe,1218.0
Maraña,103.0
Castrotierra de Valmadrigal,106.0
Támara de Campos,70.0
Villameriel,109.0
Mazuecos de Valdeginate,78.0
Loma de Ucieza,186.0
Renedo de la Vega,193.0
La Puebla de Valdavia,79.0
Valle del Retortillo,155.0
Salvatierra de Tormes,66.0
Ventosilla y Tejadilla,17.0
Nueno,568.0
Vara de Rey,466.0
Prádena,473.0
Piña de Campos,185.0
Piñel de Abajo,165.0
Quer,1080.0
Orio,6125
Salinas de Léniz,205.0
Villamayor de Calatrava,611.0
Zucaina,171.0
Tabanera de Cerrato,133.0
Ribas de Campos,150.0
El Real de la Jara,1517.0
Palomares del Río,9161
Santa María de la Vega,259.0
Puebla del Salvador,190.0
Priego,912.0
Aínsa-Sobrarbe,2335.0
Ramiro,44.0
El Saucejo,4189.0
Isla Mayor,5741
Villalube,143.0
Torregamones,225.0
San Pedro de la Nave-Almendra,313.0
Beniarbeig,2499.0
Almoines,2664.0
Aldeonte,55.0
Lantadilla,277.0
Villaherreros,211.0
Vallecillo,99.0
Espinosa de Cervera,81.0
Yélamos de Arriba,97.0
El Busto,55.0
Terradillos,3314.0
Fuenterroble de Salvatierra,260.0
Adrados,113.0
Aldehorno,64.0
Villahán,96.0
Villanueva del Rebollar,67.0
Hornillos de Cerrato,171.0
Meneses de Campos,109.0
Mantinos,142.0
Martín de la Jara,2627.0
Bormujos,23071
Aspariegos,223.0
Porto,147.0
Villamalur,99.0
Gerena,7833
Aznalcóllar,6057
Zafra,16672
Zahara de la Sierra,1344.0
Villamanrique de la Condesa,4694.0
La Roda de Andalucía,4168.0
Mansilla Mayor,316.0
Gordoncillo,312.0
Coria,12166
La Albuera,1995.0
Zaidín,1807.0
Zamudio,3442.0
Zarauz,23496
Cartagena,220704
Pruna,2461.0
Galisancho,320.0
Cantalejo,3619.0
Algámitas,1258.0
Huévar del Aljarafe,3388.0
La Puebla del Río,11862
Villalazán,241.0
Villalba del Rey,468.0
Bollullos de la Mitación,11160
Valle de Cerrato,77.0
Villalba de Guardo,194.0
Lora de Estepa,890.0
Montellano,7003
Chozas de Abajo,2699.0
Roperuelos del Páramo,502.0
Villastar,566.0
Villacastín,1567.0
Villarroya de la Sierra,397.0
Villafeliche,163.0
La Cuba,53.0
Coslada,80512
Villabona,5826
Centenera de Andaluz,19.0
Guijuelo,5484
Suflí,224.0
Benicolet,610.0
Calles,465.0
Benifayó,11984
Torrijo de la Cañada,187.0
Benegiles,266.0
Puebla de Alcocer,1091.0
Vegas del Condado,1165.0
Azpeitia,15183
San Pedro de Ceque,417.0
Santibáñez de Tera,351.0
Santovenia de la Valdoncina,2058.0
La Pola de Gordón,2833.0
Vindel,19.0
Santibáñez de la Peña,892.0
Páramo de Boedo,103.0
La Pernía,297.0
Saucelle,242.0
Aldeasoña,61.0
Úrbel del Castillo,53.0
Grijalba,114.0
Valdunciel,125.0
Saelices el Chico,175.0
Villaverde de Montejo,22.0
Pedrosa de la Vega,277.0
Hérmedes de Cerrato,72.0
Torrente,90928
Santa Colomba de Somoza,472.0
Cubillas de los Oteros,140.0
Almendra,129.0
Villaverde de Medina,497.0
Ceánuri,1234.0
El Rosario,17866
Villamartín de Campos,170.0
Benisoda,494.0
Alquería de la Condesa,1547.0
Almaraz de Duero,386.0
Arcenillas,450.0
Fuentes de Jiloca,209.0
Villalba de Perejil,86.0
Olombrada,490.0
Ituero y Lama,492.0
Berlanga de Duero,810.0
Valdestillas,1634.0
Valdelacasa,187.0
Yanguas de Eresma,117.0
Domingo García,29.0
Viana de Cega,2282.0
Villasila de Valdavia,64.0
Vallejera de Riofrío,67.0
Benimuslem,674.0
Juarros de Voltoya,185.0
Villalobón,1955.0
Molinicos,754.0
Llubí,2589.0
Villablino,7845
Torre del Bierzo,1929.0
Valtiendas,75.0
Algimia de Alfara,1115.0
Móstoles,214817
Villodre,22.0
Salillas,94.0
Fuente del Arco,648.0
Borrenes,297.0
Zorita de la Frontera,140.0
Caltojar,53.0
Villanueva del Conde,172.0
Villavellid,51.0
Olmos de Ojeda,166.0
Prádanos de Ojeda,181.0
Mazariegos,202.0
Respenda de la Peña,140.0
Guernica y Luno,17050
Villada,863.0
Sierra de Luna,269.0
Villanueva de Huerva,360.0
Albendiego,50.0
Talavera de la Reina,83803
Morasverdes,230.0
Estépar,646.0
Carrizo de la Ribera,2242.0
Ayerbe,1050.0
Velilla de Ebro,208.0
Alcalá de Ebro,244.0
Almuñécar,27544
Sotoserrano,498.0
Santiago de la Puebla,280.0
Salmoral,107.0
Salmerón,147.0
Pizarral,70.0
Valderrodrigo,129.0
Lantejuela,3857.0
Guillena,13682
Argañín,79.0
Carratraca,801.0
Puras,44.0
Pitiegua,173.0
Zarzuela del Pinar,408.0
Fuentidueña,125.0
Carbajales de Alba,463.0
Guaro,2638.0
La Vid de Ojeda,82.0
Herrera de Valdecañas,148.0
Pedraza de Campos,73.0
Valdescorriel,131.0
Santa Croya de Tera,253.0
Quintana del Puente,248.0
Cevico Navero,175.0
Puerto Seguro,52.0
Villar de Samaniego,79.0
Villaluenga de la Vega,519.0
Monzón de Campos,608.0
Utebo,18955
Torrevieja,98533
Santa Cruz del Valle Urbión,94.0
Revilla Vallejera,112.0
Rábanos,73.0
Quintanilla San García,66.0
Melgar de Arriba,161.0
Palazuelo de Vedija,164.0
Sorihuela del Guadalimar,1000.0
Villasandino,179.0
Ventosa del Río Almar,97.0
Villares de Yeltes,102.0
Yebra,489.0
Torrecuadrada de Molina,20.0
Pozos de Hinojo,48.0
Villacarrillo,10344
Puente de Génave,2191.0
Morales de Campos,128.0
Peñaflor de Hornija,350.0
Zamarra,70.0
San Esteban del Molar,117.0
Entrín Bajo,548.0
Vega de Espinareda,2006.0
Salce,83.0
Quiruelas de Vidriales,615.0
Valtierra,2505.0
Ciordia,359.0
Genevilla,69.0
Santa María del Val,55.0
San Vitero,419.0
Quintanilla de Urz,98.0
Salas de Bureba,129.0
Reinoso,21.0
Tarifa,18621
Pobladura del Valle,269.0
Villadepera,165.0
Villarrín de Campos,387.0
San Cebrián de Castro,250.0
Tabera de Abajo,97.0
Pedrosa de Río Urbel,262.0
Quintanavides,65.0
Riofrío del Llano,49.0
Retamoso de la Jara,109.0
El Puerto de Santa María,89983
Alcalá de los Gazules,5205
Pedrosa del Páramo,88.0
Relleu,1375.0
Tordehumos,362.0
Valverde de Campos,89.0
Villabrágima,1075.0
Zarapicos,50.0
Aldeaseca,211.0
Melgar de Abajo,117.0
Villaco,72.0
Cistierna,2857.0
La Zarza,3339.0
Plasencia,40132
Guadix,18527
Villamayor de Campos,330.0
Vadillo de la Guareña,240.0
Tapioles,128.0
Sisante,1640.0
Sotorribas,711.0
Solera de Gabaldón,32.0
Irún,63835
Geria,492.0
San Cebrián de Mazote,99.0
Valdenebro de los Valles,187.0
La Mudarra,167.0
Torregalindo,130.0
Pineda de la Sierra,92.0
Zumaya,10211
Caravaca de la Cruz,26126
Santa Colomba de las Monjas,236.0
Vega de Tera,265.0
Pueblica de Valverde,172.0
San Agustín del Pozo,163.0
Villabuena del Puente,574.0
Barjas,140.0
Campanario,4702.0
Vallesa de la Guareña,67.0
San Miguel del Valle,123.0
Puebla de San Medel,32.0
Rus,3386.0
Fuerte del Rey,1348.0
Fuensanta de Martos,3030.0
Santiago de Calatrava,660.0
Mucientes,690.0
Cuenca de Campos,179.0
Frandovínez,95.0
Torres de Albanchez,735.0
Mozoncillo,916.0
Santo Domingo de Pirón,51.0
Otero de Herreros,987.0
Sanlúcar de Barrameda,70012
Las Hormazas,93.0
Las Quintanillas,386.0
Zuheros,596.0
Zuya,2350.0
Encinas,39.0
Lastras del Pozo,55.0
Orejana,61.0
Fresno de Río Tirón,156.0
Hontoria de la Cantera,172.0
Revellinos,223.0
Villárdiga,60.0
Jun,4103.0
Tardelcuende,414.0
Deyá,741.0
Balsa de Ves,121.0
Amavida,131.0
Rafal,4849.0
Tibi,1757.0
Petrer,34022.0
Benferri,2099.0
Pitarque,62.0
Montánchez,1597.0
Santa Eufemia del Arroyo,78.0
Urones de Castroponce,94.0
Puebla de Pedraza,56.0
Portillo,2377.0
Hontanares de Eresma,1680.0
Membibre de la Hoz,42.0
Orduña,4247.0
Zufre,736.0
Duruelo de la Sierra,1035.0
Samir de los Caños,158.0
Tenebrón,123.0
Puertollano,45565
Saelices de Mayorga,116.0
Marazuela,58.0
Riofrío de Riaza,29.0
Bayubas de Abajo,148.0
Fuentes de Magaña,47.0
Viana de Duero,47.0
San Silvestre de Guzmán,649.0
Barrax,1838.0
Barromán,174.0
Teba,3708.0
Cuevas Bajas,1341.0
Ciria,67.0
Buitrago,68.0
Frechilla de Almazán,20.0
Rollamienta,49.0
Torres de la Alameda,7737
Villanueva del Pardillo,17731
Navalagamella,3169.0
Colmenar del Arroyo,2044.0
La Hiruela,88.0
Salduero,148.0
Villar del Ala,50.0
Parauta,271.0
Sanlúcar de Guadiana,418.0
Alcuéscar,2447.0
Guijo de Galisteo,1460.0
Cirauqui,473.0
Motril,59862
Bogarra,727.0
Casas de Ves,519.0
Navaescurial,54.0
Mengamuñoz,60.0
La Adrada,2853.0
Villanueva de las Cruces,379.0
Sayalonga,1672.0
Siétamo,697.0
Montejo de la Vega de la Serrezuela,121.0
Talveila,105.0
El Borge,958.0
Alozaina,2127.0
Villarmentero de Esgueva,99.0
Piñel de Arriba,81.0
San Martín de Valdeiglesias,9003
Yanci,578.0
Collado Mediano,7490
Ciempozuelos,26350
Velilla de los Ajos,15.0
Momblona,19.0
Valdelagua del Cerro,13.0
Genalguacil,352.0
Condemios de Abajo,14.0
Hinojosas de Calatrava,506.0
Caudete,10146
Valdegeña,36.0
Benquerencia de la Serena,771.0
Aýna,577.0
Navaquesera,38.0
San Bartolomé de Béjar,44.0
Pozanco,57.0
Pedro Bernardo,743.0
Población de Arroyo,44.0
Corral de Ayllón,76.0
Vergel,5101
Tortuero,19.0
Salvacañete,300.0
El Hito,118.0
Fuentelespino de Haro,230.0
El Herrumblar,800.0
Pozuelo del Rey,1302.0
Villamanrique de Tajo,859.0
Cubas de la Sagra,6817
Horcajo de Montemayor,107.0
Pinoso,8281
Pelayos del Arroyo,45.0
La Lastrilla,4781.0
Navas de Estena,269.0
Monteagudo de las Salinas,126.0
Riogordo,2839.0
Puerto Lápice,824.0
Gelsa,996.0
Yebes,5220
San Pedro del Arroyo,516.0
Mollina,5413
Fresno de Caracena,16.0
Benadalid,226.0
Sedella,607.0
Fuentearmegil,148.0
Fuentelmonge,58.0
Las Mesas,2234.0
Mancera de Abajo,192.0
Castillo-Albaráñez,17.0
El Cañavate,125.0
Cañizares,441.0
Almargen,1876.0
Casarabonela,2800.0
Casabermeja,4214.0
Villacid de Campos,83.0
Becilla de Valderaduey,206.0
Cartajima,234.0
Santa Ana la Real,466.0
Malpica de Tajo,1655.0
Illescas,33301
Famorca,44.0
Peleagonzalo,286.0
Pías,91.0
Tábara,743.0
Brabos,34.0
Albocácer,1370.0
Arevalillo,58.0
San Lorenzo de Tormes,32.0
Casas de Haro,812.0
Morés,303.0
Pino del Río,162.0
Cogeces de Íscar,143.0
Fuentecantos,65.0
Jalón,3104.0
Quinto,1882.0
Villatoro,150.0
Iznate,940.0
Serón de Nágima,125.0
Humilladero,3373.0
Puerto Moral,276.0
Tórtoles de la Sierra,37.0
Rivilla de Barajas,59.0
Montemayor,3859.0
Pinilla del Campo,17.0
Villarejo del Valle,304.0
San Miguel de Serrezuela,103.0
La Romana,2729.0
Daya Nueva,1885.0
Graja de Campalbo,85.0
Castillejo-Sierra,31.0
Valldemosa,2038.0
Conil de la Frontera,24192
Marracos,82.0
Bascuñana de San Pedro,23.0
San Martín del Pimpollar,221.0
Abades,849.0
Alfondeguilla,881.0
Quintanilla del Olmo,38.0
Trefacio,163.0
Palacios del Pan,249.0
Serón,2151.0
Lanzahíta,771.0
Velamazán,66.0
Torlengua,43.0
Albudeite,1395.0
Martínez,109.0
Grazalema,1977.0
Aldeanueva de Santa Cruz,100.0
Babilafuente,924.0
Villafranca de la Sierra,128.0
Jubrique,585.0
San Juan del Olmo,73.0
Rosinos de la Requejada,292.0
Villalcampo,380.0
Becedillas,70.0
Cereceda de la Sierra,55.0
Bernuy-Zapardiel,79.0
Beniarjó,1964.0
Espeja,212.0
Cirat,220.0
Enguera,4807.0
Sóller,13610
Carrascosa de Abajo,18.0
Valdemanco del Esteras,157.0
Vita,81.0
Otero de Bodas,164.0
Ferreras de Arriba,350.0
Berrueces,85.0
Garaballa,58.0
Navahermosa,3587.0
Jarilla,127.0
Venialbo,439.0
Blacos,36.0
Valdeavellano de Tera,222.0
Poyales del Hoyo,498.0
Algatocín,816.0
Istán,1707.0
Riofrío,188.0
Benilloba,744.0
Millena,265.0
Velayos,203.0
Benejúzar,5625
Benimantell,548.0
El Pino de Tormes,147.0
Benigánim,5716
Narros,68.0
Macharaviaya,518.0
Lorcha,589.0
Benasau,174.0
Adzaneta de Albaida,1193.0
Almusafes,8996
Endrinal,201.0
Torresandino,565.0
Villalba de Duero,720.0
Villanueva del Aceral,86.0
Castañar de Ibor,1020.0
Zapardiel de la Cañada,83.0
Rasueros,150.0
San Juan de la Encinilla,70.0
Valdeprado,8.0
Bretó,163.0
Santa Clara de Avedillo,153.0
Beniardá,226.0
Benimasot,85.0
Robleda-Cervantes,375.0
Valcabado,414.0
Alfarrasí,1173.0
Blecua y Torres,175.0
Salobral,109.0
San García de Ingelmos,64.0
Arroyomolinos de León,907.0
Reina,144.0
Balones,132.0
Aspe,22397
Benifairó de los Valles,2359.0
Eslida,815.0
Rágama,196.0
Perales del Alfambra,293.0
Fuentenovilla,621.0
Puerto de Santa Cruz,268.0
Peral de Arlanza,169.0
Puentedura,117.0
Brozas,1718.0
Fuentespreadas,267.0
Villanueva del Campo,736.0
Borjabad,29.0
Fuentelsaz de Soria,65.0
Aldeanueva de la Vera,1966.0
Vega de Santa María,88.0
Higuera la Real,2186.0
Fuentesecas,43.0
Almoharín,1771.0
San Martín de la Vega del Alberche,163.0
Pedrosa de Duero,458.0
Villanueva del Campillo,107.0
El Cerro,363.0
Bureta,210.0
Cerratón de Juarros,42.0
Miedes de Atienza,60.0
Palacios de la Sierra,662.0
Ballesteros de Calatrava,363.0
Santa María de los Caballeros,53.0
Arroyo de la Luz,5565
La Cumbre,815.0
Quintanilla del Coco,50.0
Sanchidrián,720.0
Tórtoles de Esgueva,362.0
Santiago de Tormes,104.0
Langa,441.0
Pedro-Rodríguez,131.0
San Juan de la Nava,422.0
Moradillo de Roa,167.0
El Cubillo de Uceda,120.0
Panticosa,910.0
San Juan del Molinillo,238.0
Mamolar,27.0
San Leonardo de Yagüe,1954.0
Trasierra,590.0
Pradejón,3742.0
Liceras,49.0
Garganta de los Montes,441.0
Broto,615.0
La Torre,209.0
Friera de Valverde,121.0
Olmillos de Castro,182.0
Catral,9275
Belmonte de Tajo,1955.0
Callosa de Ensarriá,7708
Vall de Alcalá,159.0
Sanchorreja,77.0
Mambrilla de Castrejón,105.0
Villaescusa de Roa,95.0
Muriel de la Fuente,53.0
Pineda Trasmonte,95.0
Palomero,450.0
Cogollos,687.0
Villadiego,1453.0
Merindad de Río Ubierna,1400.0
Valencia del Ventoso,1870.0
Valverde de Leganés,4230.0
Santisteban del Puerto,4451.0
Villasrubias,231.0
Villanueva de Carazo,24.0
Quemada,242.0
San Martín de Valvení,78.0
Santibáñez de la Sierra,142.0
Nuño Gómez,178.0
Nombela,904.0
Alcantarilla,43876
Alhama de Murcia,24163
Villar del Río,155.0
Valderrodilla,59.0
Rubena,207.0
Valluércanes,70.0
Casas de Benítez,872.0
Almudaina,128.0
Erustes,220.0
El Casar de Escalona,2280.0
Espejón,122.0
Galbarros,28.0
Juviles,140.0
Riba de Saelices,113.0
Pozuelo de Zarzón,430.0
Puerto Serrano,6929
Benimarfull,465.0
Beamud,45.0
Valdenebro,85.0
Perales del Puerto,874.0
Valdetorres,1105.0
Alcolea de Cinca,1127.0
Alcantud,59.0
Corral de Calatrava,1154.0
Deleitosa,681.0
Galápagos,2802.0
Calaceite,961.0
Orcera,1715.0
Nerva,5081
Villa del Campo,435.0
Riego de la Vega,697.0
Sotillo del Rincón,171.0
Tajueco,61.0
Fuentelcésped,290.0
Navezuelas,668.0
Monreal del Campo,2578.0
Aguaviva,562.0
Casinos,3153.0
Alcanadre,685.0
Alfarb,1763.0
Los Realejos,37867
Castellonet,159.0
Cervera de Pisuerga,2272.0
Carcagente,21934.0
Nafría de Ucero,35.0
Pinilla de los Moros,30.0
Valle de Tobalina,877.0
Mieza,170.0
Moral de Calatrava,5109
Mesas de Ibor,146.0
Mazuela,55.0
Madrigal de la Vera,1536.0
Santa Cruz de Yanguas,56.0
Beniparrell,2108.0
Peñaranda de Duero,470.0
Villar del Campo,29.0
La Puebla de Híjar,935.0
Almadenejos,384.0
Valle de Zamanzas,46.0
Quintana del Pidio,150.0
Mambrillas de Lara,54.0
Las Ventas de Retamosa,4206.0
Torrubia de Soria,52.0
Noviercas,156.0
Villaciervos,86.0
Villanueva de Gormaz,6.0
Valmojado,4898.0
Rena,605.0
Alguazas,10218
Garde,132.0
Mesegar de Tajo,199.0
Castellar de Santiago,1714.0
Gabarda,1023.0
Torremocha del Pinar,32.0
Guijo de Santa Bárbara,386.0
Merindad de Valdivielso,384.0
Pradosegar,109.0
Peñalba de Ávila,104.0
Maella,2158.0
El Carpio de Tajo,1948.0
El Campillo,2003.0
Santiago-Pontones,2629.0
Algorfa,3788.0
Las Navas de Jadraque,37.0
Lledó,150.0
Cabezarados,279.0
Chelva,1863.0
Carboneras de Guadazaón,797.0
Casas de Miravete,106.0
Villaflor,100.0
La Rambla,7473
Lujua,2364.0
Rigoitia,499.0
Atea,142.0
Campillo de Altobuey,1312.0
Modúbar de la Emparedada,773.0
Huerta de Rey,889.0
Montenegro de Cameros,43.0
Vadocondes,368.0
Puerto de San Vicente,141.0
Castrillo de la Reina,159.0
Carriches,260.0
Alcolea de Tajo,839.0
Yelo,40.0
Matalebreras,81.0
Quintana Redonda,499.0
Albaladejo del Cuende,196.0
Benillup,110.0
Serranillos del Valle,4670.0
Daganzo de Arriba,10611
Brea de Tajo,577.0
El Atazar,110.0
La Seca,1015.0
Grijota,2839.0
Navarredondilla,146.0
Palacios de Goda,396.0
Enguídanos,274.0
Albuixech,4482.0
Alfara del Patriarca,3740.0
Gautéguiz de Arteaga,866.0
Berriatúa,1224.0
Gámiz-Fica,1414.0
Catarroja,30604
Albelda,728.0
Villaseca de Arciel,23.0
Bohonal de Ibor,488.0
Segura de la Sierra,1711.0
Las Labores,550.0
Hontoba,475.0
Miravalles,4213.0
Ajánguiz,458.0
Sádaba,1278.0
Enériz,328.0
Morata de Tajuña,8115
El Boalo,8424
Alcácer,10575
Albalat dels Sorells,4368.0
Huélaga,203.0
Aldeanueva del Camino,696.0
Reznos,21.0
Borja,5076
El Cubo de Tierra del Vino,294.0
Cañaveras,230.0
Ledigos,59.0
Igúzquiza,307.0
Pioz,5131
Gáldar,25108
Ferreras de Abajo,461.0
Sástago,1067.0
Pilar de la Horadada,24316
Chapinería,2705.0
Perales de Tajuña,3260.0
Portillo de Soria,11.0
Gormaz,18.0
Umbrías,100.0
La Serrada,132.0
Aya,2148.0
Losar de la Vera,2799.0
Cortézubi,447.0
Zaldívar,3066.0
Ucero,80.0
Langa de Duero,696.0
Benisanó,2449.0
Berzosa del Lozoya,242.0
Santa Cruz de Mudela,3881.0
La Luisiana,4618.0
Tosantos,48.0
Gata,1335.0
Cascajares de Bureba,25.0
Lozoyuela-Navas-Sieteiglesias,1468.0
Villarta de los Montes,375.0
Cortelazor,302.0
Villaro,1292.0
Aránzazu,411.0
Gines,13481
Guardo,5653
Cañada del Hoyo,221.0
Ocaña,13868
Pinilla de los Barruecos,100.0
La Iruela,1819.0
Chilluévar,1309.0
Villafranca Montes de Oca,117.0
Uclés,230.0
Hontanas,69.0
San Pelayo de Guareña,86.0
Villambistia,44.0
La Guardia de Jaén,5175
Mengíbar,10041
Hornillos del Camino,44.0
Quiñonería,10.0
Navas de San Juan,4345.0
Monóvar,12542
Vidángoz,74.0
Fuentelencina,324.0
Alcollarín,259.0
Olmeda de las Fuentes,429.0
Trucíos,515.0
Sopuerta,2820.0
La Unión,21380
Casarrubuelos,4323.0
Fresno de Torote,2561.0
San Cebrián de Campos,400.0
Moratinos,55.0
Zizur Mayor,15715
Cetina,534.0
San Martín de la Vega,21010
Miño de San Esteban,43.0
Cayuela,186.0
Mirambel,110.0
Robregordo,79.0
Cabanillas de la Sierra,961.0
Berzocana,375.0
Almonacid de la Cuba,220.0
Ea,824.0
Casillas,673.0
Mijares,718.0
Cueva de Ágreda,67.0
Albalate del Arzobispo,1936.0
Viloria de Rioja,38.0
Fabara,1063.0
Pezuela de las Torres,1008.0
Cervera de Buitrago,165.0
Griñón,10087
Arguis,167.0
Albendea,132.0
Pelayos de la Presa,3195.0
Gascones,252.0
Montejo de la Sierra,404.0
Plencia,4407.0
Jérica,1764.0
Cardeña,1387.0
Navas del Rey,3420.0
Alcudia de Veo,200.0
Guesálaz,462.0
Villafranca del Campo,290.0
Guizaburuaga,196.0
Gordejuela,1720.0
Echévarri,11975
Alcohujate,25.0
Abia de la Obispalía,68.0
Mélida,739.0
Monturque,1929.0
Agost,5067
Híjar,1766.0
Traiguera,1302.0
Costur,511.0
Artajona,1783.0
Nolay,45.0
Berango,7454
Elorrio,7292
Rincón de la Victoria,52454
Hermigua,1961.0
San Bartolomé,19200
Mecerreyes,176.0
Velilla de la Sierra,26.0
Valdemaluque,139.0
Aranarache,70.0
Areso,260.0
Santa María de Huerta,239.0
Ereño,275.0
Calamonte,6095
Señera,1114.0
Fortuna,11094
Beranuy,68.0
Capella,361.0
Alarcón,173.0
Barásoain,601.0
Azuelo,29.0
Yuncos,11762
Plou,42.0
San Felices,55.0
Colmenar,3626.0
Somosierra,93.0
Montealegre de Campos,105.0
Ledesma,1480.0
Fuentestrún,55.0
Espeja de San Marcelino,160.0
Busturia,1693.0
Castillo y Elejabeitia,743.0
Munguía,17882
Arrazua,417.0
Valle de Trápaga,11911
Cirujales del Río,21.0
Caracena,13.0
Renieblas,107.0
Matamala de Almazán,251.0
Sacañet,67.0
Soneja,1521.0
Valle de Achondo,1342.0
Ermua,15599
Abanto y Ciérvana,9402
Bedia,1111.0
Torrejón de la Calzada,10222
Burujón,1344.0
Valdelacalzada,2743.0
Sepúlveda,979.0
Cubo de la Solana,177.0
Carlet,16141
Alberique,10815
Serrada,1117.0
Benifairó de la Valldigna,1588.0
Sena,490.0
La Sierpe,41.0
Villaconejos,3569.0
Estepa,12373
Lauquíniz,1239.0
Cenarruza,401.0
Los Molinos,4781.0
Pardilla,109.0
Binisalem,9172
Masamagrell,16766
Rafelcofer,1409.0
Navalmoral de la Mata,16895
Peñalver,172.0
Renedo de Esgueva,3993.0
Toro,8349
Morón de Almazán,196.0
San Pedro Manrique,626.0
Aberin,410.0
Atez,227.0
Aras,150.0
Calasparra,10161
Rugat,165.0
La Póveda de Soria,108.0
Mequinenza,2236.0
Olite,4069.0
Arruazu,121.0
Arróniz,1064.0
Jaraco,5923
Bonrepós y Mirambell,4115.0
Guadasuar,5961
Villafáfila,429.0
Moraleja de Enmedio,5453
Huesa,2411.0
Barrundia,882.0
Ancín,363.0
Arbizu,1107.0
Beires,140.0
Los Villares de Soria,72.0
Figueruela de Arriba,310.0
Abaurrea Alta,121.0
Castellón de Rugat,2345.0
Tembleque,1992.0
Guarromán,2703.0
Tajahuerce,22.0
Berriozar,10919
Caudiel,735.0
Villahoz,262.0
Losacio,90.0
Unciti,257.0
Villar de Corneja,31.0
Rello,21.0
Santovenia de Pisuerga,4762.0
Camarenilla,606.0
Retortillo de Soria,126.0
La Losilla,12.0
Recuerda,61.0
Beas de Segura,4983.0
Fuentidueña de Tajo,2372.0
Cocentaina,11309
Muel,1540.0
Los Blázquez,619.0
Chiva,16750
Aledo,1123.0
El Pinar de El Hierro,2042.0
Alegría de Álava,2955.0
Berbinzana,670.0
Barillas,240.0
Los Rábanos,470.0
Quintanas de Gormaz,119.0
Deza,162.0
Monteagudo de las Vicarías,169.0
Caracuel de Calatrava,140.0
Castell de Cabres,21.0
Rosell,910.0
Garray,794.0
Bodonal de la Sierra,982.0
Tolva,130.0
Simat de Valldigna,3311.0
Cendea de Olza,1874.0
Riaguas de San Bartolomé,28.0
La Nava de Santiago,914.0
Pilas,14052
Hinojosa de Duero,562.0
Buñola,7286
Torreblacos,28.0
Régil,588.0
Calabazas de Fuentidueña,23.0
Mañeru,452.0
La Riba de Escalote,9.0
Valdetorres de Jarama,5175.0
El Viso del Alcor,19265
Olula del Río,6354
Felix,771.0
Vizmanos,31.0
Tejado,100.0
Segura de León,1758.0
Lucainena de las Torres,722.0
Armuña de Almanzora,371.0
Gérgal,1211.0
Albanchez,688.0
Bentarique,223.0
Bayarque,215.0
Arroba de los Montes,388.0
Fernán Núñez,9611
Belascoáin,124.0
Fanzara,295.0
Cantoria,3592.0
Armenteros,156.0
Encinas de Arriba,223.0
Albalate de Cinca,1080.0
Llera,781.0
Cuevas del Almanzora,15246
Chirivel,1619.0
Vinaroz,30529
Roncesvalles,25.0
Villazala,560.0
Villamontán de la Valduerna,678.0
Turre,4361.0
Líjar,378.0
Chinchón,5664
Oencia,267.0
Villarrasa,2103.0
Herrera de Soria,12.0
Nogales,632.0
Crevillente,30921.0
Flores de Ávila,262.0
Diego del Carpio,107.0
Villadangos del Páramo,1268.0
Vega de Valcarce,555.0
Nava de Roa,202.0
Villasabariego,1155.0
Herguijuela del Campo,60.0
Fuenteliante,80.0
Berrocal de Salvatierra,74.0
Manganeses de la Polvorosa,637.0
Encinas de Abajo,615.0
Cabezabellosa de la Calzada,73.0
Fondón,1152.0
Ayala,2921.0
Alconchel,1592.0
Calera de León,912.0
Valverde de la Virgen,7687
Oliva,26813
Cristóbal,158.0
La Orbada,177.0
Cizúrquil,2976.0
Olaberría,938.0
Lúcar,829.0
Alicún,206.0
Cabañas de Sayago,143.0
Pozoantiguo,188.0
Fresno de la Ribera,326.0
Jimena de la Frontera,6675
Jumilla,27574
Arjona,5349
Molina de Segura,78458
Santurce,46442
Montejo de Tiermes,134.0
Madridanos,461.0
Monfarracinos,998.0
Barbalos,70.0
Paredes de Nava,1927.0
Pedrosillo de los Aires,312.0
Hontoria del Pinar,613.0
Villavendimio,150.0
Muelas del Pan,592.0
Setenil de las Bodegas,2634.0
Cabeza del Buey,4489.0
Burguillos del Cerro,2940.0
Aibar,754.0
Catí,719.0
Fuentes de Ropel,369.0
Videmala,131.0
Vezdemarbán,423.0
Torre Alháquime,781.0
Consuegra,9805
Bustillo del Oro,75.0
El Piñero,210.0
Torrejón de Velasco,4900.0
Archidona,8050
Herguijuela de Ciudad Rodrigo,65.0
Herguijuela de la Sierra,222.0
Constanzana,104.0
Susinos del Páramo,115.0
La Orotava,42514
Valencia de las Torres,486.0
Conquista de la Sierra,193.0
Oquendo,1184.0
Elvillar,315.0
Encinedo,621.0
Zaldivia,1761.0
Fuente de Cantos,4583.0
Instinción,507.0
Cóbdar,169.0
Melgar de Tera,331.0
Pinilla de Toro,186.0
Motiloa,261.0
Elgóibar,11500
La Rinconada de la Sierra,97.0
Chagarcía Medianero,68.0
Fuentes de León,2118.0
Lobón,2756.0
Asteasu,1566.0
Atáun,1714.0
Maire de Castroponce,138.0
Cerecinos del Carrizal,111.0
Iglesias,136.0
Ubrique,16363
Cestona,3933.0
Idiazábal,2217.0
Laroya,197.0
Bayárcal,294.0
Sanzoles,454.0
Santa Bárbara de Casa,1144.0
Cisla,107.0
Molina de Aragón,3281.0
Torrijos,13885
Capdepera,12340
Villeguillo,129.0
Nuevo Baztán,7050
Villanueva de Campeán,115.0
Brime de Urz,96.0
Fuente Encalada,92.0
Torres del Carrizal,413.0
Aspárrena,1609.0
Azuaga,7624
Arraya-Maestu,812.0
Tabernes Blanques,9456
Covarrubias,501.0
El Fresno,579.0
El Barraco,2086.0
Cretas,559.0
Cascante del Río,73.0
Belmonte de San José,114.0
Berantevilla,461.0
Arrazua-Ubarrundia,1056.0
Villardondiego,110.0
Calzadilla de Tera,278.0
Riofrío de Aliste,589.0
Caminreal,606.0
Cedrillas,652.0
Vélez-Rubio,6558
Níjar,33319
Fonfría,794.0
San Cristóbal de Entreviñas,1328.0
Anchuras,267.0
Quintanar de la Sierra,1474.0
Cuartango,402.0
Alconera,748.0
Atalaya,258.0
La Acebeda,70.0
Cabezas del Villar,217.0
Blascomillán,169.0
Valdeande,103.0
Escobar de Campos,32.0
Barrachina,113.0
Alfambra,485.0
Corbalán,117.0
Alloza,556.0
Jambrina,149.0
Dalías,4196.0
Vícar,29342
Cubo de Benavente,115.0
Molezuelas de la Carballeda,47.0
Santibáñez de Vidriales,846.0
Calzada de Calatrava,3668.0
Castroserracín,24.0
Carmonita,514.0
Cabeza la Vaca,1257.0
Fresno de la Polvorosa,117.0
Entrala,133.0
Cripán,174.0
Alcóntar,545.0
Villar de Fallaves,50.0
Santa María de Valverde,50.0
Cantiveros,102.0
Bercial de Zapardiel,166.0
Arroyo de San Serván,4001.0
Añana,141.0
Zurgena,3059.0
Villaseco del Pan,201.0
Castronuevo,216.0
Fuente de Piedra,3045.0
Murueta,311.0
Guareña,6668
Casas de Don Pedro,1375.0
Zuñeda,58.0
Montesclaros,377.0
Cardeñosa de Volpejera,64.0
Ezquioga-Ichaso,588.0
Zambrana,452.0
Bernedo,541.0
Elciego,971.0
Aldearrubia,518.0
Carboneras,8375
Cabizuela,89.0
Bohoyo,205.0
Ceinos de Campos,172.0
Pedrosa del Rey,147.0
Alcaine,38.0
Fuentespalda,305.0
Destriana,422.0
Villagatón,611.0
Armiñón,236.0
Legazpia,8341
Abrucena,1241.0
Coín,26574
Aguadulce,2109.0
Peñas de San Pedro,1488.0
Tobarra,7824
Montalvos,74.0
Llano de Bureba,45.0
Adrada de Haza,200.0
Ibarra,4114.0
Motrico,5313
Corte de Peleas,1153.0
Los Santos de Maimona,8096
Abezames,58.0
Alfarnatejo,358.0
Pozohondo,1544.0
Baterno,231.0
Monasterio de Vega,79.0
Villán de Tordesillas,122.0
Alcalá de la Selva,382.0
Albentosa,290.0
Valdesamario,167.0
Zaratán,6342
Valle de Yerri,1549.0
La Rinconada,40724
Totanés,361.0
Mascaraque,441.0
Algarrobo,6773
Calzada del Coto,217.0
Chera,508.0
Dehesa de Montejo,130.0
Villar de la Encina,146.0
Robledillo de Gata,91.0
Tendilla,353.0
El Burgo,1761.0
Cómpeta,3824.0
Valdefuentes,1074.0
Jimera de Líbar,399.0
Fontanar,2630.0
Real Sitio de San Ildefonso,5217.0
Almensilla,6537
Hoya-Gonzalo,582.0
Navalcarnero,33331
Paradas,6798
Arija,115.0
Busto de Bureba,140.0
Porreras,5741
Los Barrios,24449
Los Llanos de Tormes,57.0
Villanueva del Ariscal,6814
Los Molares,3659.0
Ferreruela,409.0
Villarrabé,170.0
Ciguñuela,361.0
Castroponce,128.0
Castil de Vela,54.0
Reinoso de Cerrato,58.0
Minas de Riotinto,3698.0
Olmedillo de Roa,188.0
Jabalquinto,1939.0
Cerezo de Río Tirón,467.0
Escorihuela,130.0
Castel de Cabra,79.0
Sando,111.0
Seseña,30907
Cabra,19995
Alonsótegui,2991.0
Torralba de Calatrava,3068.0
Val de San Lorenzo,480.0
Villaumbrales,627.0
Villoldo,333.0
Allepuz,123.0
Alacón,204.0
Bádenas,28.0
Celadas,331.0
Fuentes de Oñoro,1012.0
Villaveza de Valverde,72.0
Villerías de Campos,71.0
Benifallim,130.0
Malpartida,74.0
Aznalcázar,4875.0
Pedroso de Acim,90.0
Barcial de la Loma,98.0
Velliza,121.0
Alquézar,328.0
La Yunta,86.0
Escariche,186.0
Villalobos,200.0
Antigüedad,329.0
Villota del Páramo,295.0
Quintanilla del Monte,93.0
Rábano de Aliste,313.0
Santervás de Campos,100.0
Ahigal,1340.0
Castellote,665.0
Berge,218.0
Casas de Reina,200.0
Bembibre,8196
Hijes,24.0
La Miñosa,31.0
Villafamés,1962.0
Orgaz,2639.0
Yecla,36453
Arroyomolinos,38075
Benamocarra,3200.0
Arriate,4049.0
Villabáñez,516.0
Vega de Valdetronco,88.0
Guardamar del Segura,17328
Corduente,297.0
Copernal,44.0
Mazarete,25.0
El Pedregal,60.0
Ardales,2524.0
Alfarnate,1034.0
Antzuola,2045.0
Laguna Dalga,608.0
Bolaños de Campos,244.0
Cubillas de Santa Marta,394.0
Villafrades de Campos,59.0
Fombellida,169.0
Malva,92.0
Espronceda,102.0
Oiz,129.0
Quismondo,1857.0
Higuera de Vargas,1830.0
Farlete,372.0
La Puebla de Cazalla,10884
Jerez de los Caballeros,9147
Echalar,807.0
Valle de Valdebezana,479.0
San Román de los Montes,2191.0
Rueda de Jalón,325.0
Igualeja,733.0
Berrobi,551.0
Villasarracino,125.0
Villanueva de las Peras,85.0
Driebes,331.0
Mochales,36.0
Monda,2984.0
Boadilla de Rioseco,95.0
Espinosa de Villagonzalo,164.0
San Justo,207.0
Villaferrueña,105.0
Fuentelviejo,61.0
Esplegares,30.0
La Bodera,19.0
Macael,5381
Torre de Santa María,508.0
Aliseda,1726.0
Labastida,1558.0
Calzadilla de los Barros,679.0
Lerga,44.0
Congostrina,18.0
Matarrubia,99.0
Galdácano,24776
Mendeja,426.0
Ubidea,167.0
Villanueva del Trabuco,5360
Pujerra,285.0
Casas de Fernando Alonso,1041.0
La Aldehuela,141.0
Losacino,189.0
Vitigudino,2344.0
Bujaraloz,938.0
Pulpí,11247
Fiñana,1956.0
Arboleas,4215.0
Lora del Río,18316
Cerezo de Abajo,150.0
Alcira,48236.0
Jadraque,1522.0
La Toba,70.0
Calahorra de Boedo,82.0
Frechilla,138.0
Mallavia,1106.0
Masegoso de Tajuña,84.0
Valcarlos,336.0
Fariza,487.0
Villaescusa,237.0
Alaraz,444.0
Brincones,56.0
Capillas,68.0
Bustillo de la Vega,259.0
Valdilecha,3289.0
Beceite,572.0
Villarquemado,901.0
Llucmajor,40502
Ispáster,721.0
Lanestosa,244.0
María,1202.0
Íllar,492.0
Alpandeire,242.0
Semillas,25.0
Mianos,25.0
Baños de Valdearados,322.0
Arroyo del Ojanco,2158.0
Castillo de Villamalefa,110.0
Irueste,93.0
Montarrón,31.0
Arama,173.0
Beizama,128.0
Las Inviernas,60.0
Megina,25.0
Estriégana,13.0
Castrillo de Villavega,167.0
Abertura,362.0
Acebo,567.0
Galve de Sorbe,97.0
La Olmeda de Jadraque,18.0
El Olivar,68.0
Aldeadávila de la Ribera,1094.0
Lequeitio,7143
Ibarranguelua,669.0
Benahadux,4901.0
Vera,19488
Escopete,80.0
Hiendelaencina,107.0
Zarátamo,1609.0
Lemona,3614.0
Marchena,19271
Alajeró,2061.0
Maello,713.0
Muñogrande,76.0
Tornavacas,989.0
Cañaveral,995.0
Bienvenida,1999.0
Mocejón,5069
Fresneda de la Sierra,42.0
Pradoluengo,1090.0
Torremocha,742.0
Majadas de Tiétar,1281.0
Tornadizos de Ávila,458.0
Tolbaños,87.0
Poveda,30.0
Neila de San Miguel,66.0
Jerte,1189.0
Aceituna,569.0
Castellanos de Castro,48.0
Cisneros,426.0
Cevico de la Torre,464.0
Gutierre-Muñoz,63.0
Sigeres,41.0
Almudévar,2462.0
Báscones de Ojeda,136.0
Nava de Arévalo,647.0
Navatejares,48.0
Alcalá de Gurrea,265.0
Mirandilla,1232.0
Bularros,55.0
Canjáyar,1139.0
Andújar,35610
Navadijos,29.0
Cabezas del Pozo,80.0
Gumiel de Mercado,376.0
Oquillas,52.0
Congosto de Valdavia,132.0
Fuentes de Valdepero,489.0
Aldeanueva del Codonal,105.0
Aldearrodrigo,143.0
Fuente el Olmo de Íscar,51.0
Narros del Puerto,26.0
El Bohodón,104.0
Negrilla de Palencia,78.0
Lejona,32748
Vega de Ruiponce,81.0
Hueva,113.0
Blascosancho,85.0
San Miguel de Corneja,65.0
La Unión de Campos,210.0
Castromocho,193.0
Buenavista de Valdavia,290.0
Castejón de Monegros,459.0
Villalbilla de Burgos,1554.0
Hoyorredondo,57.0
El Hoyo de Pinares,2179.0
Tormellas,35.0
Dicastillo,562.0
Valle de Egüés,22825
Rosal de la Frontera,1676.0
La Puebla de Montalbán,7885
Santa Cruz del Valle,295.0
Rábano,169.0
Roales de Campos,155.0
Valdelarco,239.0
Paredes,61.0
Agullent,2438.0
Lazcano,6013
Padilla de Arriba,86.0
Vallanca,128.0
Benitagla,63.0
Santovenia,219.0
Cascajares de la Sierra,25.0
Bonilla de la Sierra,139.0
Quintanilla de Trigueros,100.0
Villafrechós,473.0
Torreiglesias,257.0
Alcañices,1062.0
Aizarnazábal,822.0
Castelserás,804.0
Lasarte-Oria,19133
Ormáiztegui,1293.0
Hernansancho,140.0
Collazos de Boedo,89.0
Cordovilla la Real,130.0
Villaquilambre,18765
Navacepedilla de Corneja,99.0
Cabezas de Alambre,152.0
Cardeñajimeno,1185.0
Segura,1496.0
Almonaster la Real,1759.0
Llíber,882.0
Aguilafuente,564.0
Los Corrales,4021.0
Castrejón de la Peña,322.0
Espinosa de Cerrato,119.0
Brañosera,253.0
Cobos de Cerrato,129.0
Ibi,24500
Jete,990.0
Barcarrota,3456.0
Hombrados,44.0
Herrín de Campos,111.0
Moral de la Reina,129.0
Megeces,419.0
Villalbarba,96.0
Mota del Marqués,342.0
Langa del Castillo,110.0
Villaturiel,1812.0
Valdepolo,1177.0
Encío,37.0
Belorado,1823.0
Irura,1885.0
Torrico,688.0
Atienza,406.0
Torre Val de San Pedro,165.0
Santiuste de San Juan Bautista,534.0
Arenales de San Gregorio,626.0
Duruelo,172.0
Herreros de Suso,141.0
Zapardiel de la Ribera,90.0
Ajofrín,2379.0
Madridejos,10169
Santibáñez del Val,64.0
Urdiales del Páramo,445.0
Valdevacas y Guijar,83.0
Ayelo de Rugat,160.0
Vallelado,750.0
Sotosalbos,132.0
Sangarcía,281.0
Villamañán,1084.0
Puente de Domingo Flórez,1348.0
Olmillos de Muñó,38.0
Valseca,208.0
Encinillas,358.0
San Cristóbal de Cuéllar,161.0
Cuevas de Provanco,131.0
Trescasas,1130.0
Sauquillo de Cabezas,135.0
Hoyos del Collado,28.0
Cuevas del Valle,506.0
San Esteban de Zapardiel,40.0
Moraleja de Matacabras,55.0
Calzada de los Molinos,305.0
Villagarcía de Campos,297.0
Castil de Peones,26.0
Jurisdicción de Lara,39.0
San Bartolomé de Corneja,32.0
Collado del Mirón,18.0
Bercero,170.0
Villafranca de Duero,247.0
Santiuste de Pedraza,81.0
Torrecilla del Pinar,188.0
Grisaleña,58.0
Garganta del Villar,37.0
Piedralaves,2183.0
San Esteban de los Patos,19.0
Grandes y San Martín,34.0
Donjimeno,69.0
Alameda de la Sagra,4350.0
Ontígola,5101.0
Sinlabajos,134.0
Solana de Rioalmar,141.0
Solana de Ávila,95.0
Arganza,800.0
Valdevimbre,892.0
Ibeas de Juarros,1492.0
La Solana,15242
Los Navalmorales,2074.0
Noblejas,3998.0
Roda de Eresma,260.0
Espirdo,1613.0
Marazoleja,98.0
Belmontejo,122.0
Sotillo de la Adrada,5081.0
Montiel,1167.0
Villasequilla,2673.0
Villarrubia de Santiago,2583.0
Isaba,384.0
Ugíjar,2574.0
Segura de Toro,190.0
Matillas,111.0
Carataunas,207.0
Pajarón,71.0
Durón,108.0
Benirredrá,1576.0
Velilla de Cinca,505.0
San Martín y Mudrián,263.0
Rapariegos,187.0
Fresneda de Cuéllar,162.0
Sena de Luna,373.0
Santa Cruz del Retamar,4194.0
Piqueras,33.0
Morales de Toro,918.0
Pascualcobo,38.0
Espinosa de los Caballeros,104.0
Arenas del Rey,608.0
Armilla,25300
Murchante,4230.0
Lezáun,248.0
Narrillos del Rebollar,34.0
Tiñosillos,732.0
Muñotello,50.0
Monsalupe,64.0
Gallegos de Altamiros,61.0
Castellar de la Frontera,2984.0
Trebujena,7000
Peligros,11676
Retamal de Llerena,428.0
El Real de San Vicente,966.0
Torrelodones,25433
Javier,106.0
Garayoa,92.0
Desojo,68.0
El Viso de San Juan,5970
Hurtumpascual,41.0
Sacramenia,324.0
Remondo,329.0
Calicasas,687.0
Benamaurel,2235.0
Berlanga,2175.0
Solosancho,750.0
Cozuelos de Fuentidueña,102.0
Chañe,739.0
Cedillo de la Torre,80.0
Santa Cruz de Marchena,236.0
Fuente de Santa Cruz,105.0
Cúllar Vega,7770
Málaga del Fresno,187.0
Cijuela,3827.0
Negredo,12.0
Miguel Esteban,4751.0
Carcedo de Burgos,513.0
Atajate,168.0
Tahal,355.0
Urrácal,340.0
Albanchez de Mágina,903.0
La Hija de Dios,79.0
Lecumberri,1746.0
Truchas,371.0
Siles,2067.0
Abaurrea Baja,30.0
Villafranca de Córdoba,4895.0
Santa Fe de Mondújar,503.0
Escarabajosa de Cabezas,269.0
Fresno de Cantespino,290.0
Peleas de Abajo,248.0
Peñarroya de Tastavins,467.0
Puerto del Rosario,46150
Fresneda de la Sierra Tirón,98.0
Monreal del Llano,44.0
Sopeira,84.0
Salvadiós,67.0
Oña,938.0
La Carrera,155.0
Villanueva de Azoague,398.0
Luzón,50.0
Portugalete,44843
Tórtola de Henares,1439.0
Alcazarén,623.0
Carbonero el Mayor,2463.0
Alameda,5434
Zalamea la Real,2968.0
Gallegos de Sobrinos,42.0
Basaburúa Mayor,819.0
Fustiñana,2445.0
Goñi,166.0
Berceruelo,36.0
Boceguillas,746.0
Cabezuela,655.0
Arahuetes,31.0
Beas de Guadix,318.0
Almegíjar,327.0
Arjonilla,3520.0
Albornos,170.0
Aldealengua de Santa María,50.0
Aguilar de Campos,258.0
Cabrero,353.0
Bejís,400.0
Murillo el Cuende,701.0
Monteagudo,1073.0
Manjabálago y Ortigosa de Rioalmar,22.0
Villarreal de Álava,2094.0
Barruelo de Santullán,1164.0
Brieva,93.0
Deva,5393
Pinofranqueado,1783.0
Bérchules,688.0
Cacín,549.0
Bubión,305.0
San Juan de Aznalfarache,23408
Castillo de Locubín,3805.0
Araiz,506.0
Murillo el Fruto,665.0
La Alameda de Gardón,67.0
La Alamedilla,94.0
Terque,393.0
Paymogo,1132.0
Berrocal,283.0
Santa Elena,863.0
Fitero,2370.0
Leoz,202.0
Carazo,42.0
Barbolla,142.0
Busquístar,313.0
Cádiar,1491.0
Canena,1717.0
Eljas,827.0
Malagón,7745
Cájar,5447
Benalúa de las Villas,1028.0
Aldeanueva de la Serrezuela,42.0
Bocos de Duero,79.0
Cambil,2654.0
Taberno,955.0
Arquillos,1682.0
Carrascal del Río,143.0
Aldea Real,275.0
Benagéber,176.0
Atarfe,20914
Galinduste,401.0
Arcos de la Llana,1823.0
Cáñar,424.0
Cenes de la Vega,8231
Lizoáin-Arriasgoiti,287.0
Añe,67.0
Cristina,549.0
Alcaudete,10265
Miravete de la Sierra,31.0
Palomas,651.0
Corella,8629
Alicún de Ortega,461.0
Serrejón,410.0
El Cabaco,227.0
Horcajo Medianero,199.0
Arcediano,89.0
Beas de Granada,1007.0
Alpujarra de la Sierra,933.0
Cástaras,178.0
Amusco,417.0
Castellfort,178.0
Berrocal de Huebra,75.0
Calvarrasa de Abajo,1240.0
Cilleros de la Bastida,21.0
Gallegos de Solmirón,109.0
Juzbado,176.0
Capileira,590.0
Castril,1927.0
Aldeanueva de la Sierra,88.0
Candelario,832.0
Guadramiro,120.0
San Martín de Montalbán,778.0
Torre de Juan Abad,928.0
Fuenteguinaldo,635.0
Iruelos,29.0
Alquife,543.0
Benalúa,3381.0
Justel,75.0
Ledrada,476.0
Las Casas del Conde,63.0
Aldeaseca de la Frontera,241.0
Autillo de Campos,125.0
Baquerín de Campos,20.0
Carbellino,174.0
Asturianos,252.0
Argujillo,215.0
Golpejas,139.0
La Tala,77.0
Gamones,89.0
Boada,259.0
Manzanal de Arriba,332.0
Cipérez,233.0
Talaván,775.0
Navamorales,45.0
Cebolla,3270.0
Torrelaguna,5081.0
Sartajada,104.0
Saucedilla,1002.0
Galindo y Perahuy,713.0
La Cabeza de Béjar,55.0
Castilléjar,1284.0
Caniles,3929.0
Castroverde de Campos,240.0
Castrillo de la Guareña,133.0
Castraz,33.0
Cepeda,287.0
Castellanos de Villiquera,727.0
Carpio de Azaba,110.0
Nava del Rey,1924.0
Yunquera de Henares,4706.0
Granja de Moreruela,228.0
Autilla del Pino,223.0
Bañobárez,277.0
Doñinos de Salamanca,2273.0
Cantaracillo,188.0
Tamames,781.0
Bóveda del Río Almar,186.0
San Bartolomé de las Abiertas,637.0
Samper de Calanda,734.0
Barruecopardo,409.0
Masueco,240.0
Sordillos,23.0
Cantalpino,802.0
Colmenar de Montemayor,177.0
Doñinos de Ledesma,62.0
Encina de San Silvestre,111.0
Carbajosa de la Sagrada,7555
Cabrillas,316.0
Condemios de Arriba,101.0
Santo Domingo-Caudilla,1299.0
Sotresgudo,413.0
La Hoya,32.0
Guarrate,313.0
Santa Gadea del Cid,180.0
Carmena,771.0
Espadaña,32.0
Cespedosa de Tormes,480.0
Gallegos de Argañán,259.0
La Alberguería de Argañán,94.0
El Tornadizo,88.0
Aldeaseca de Alba,65.0
Talamanca de Jarama,4607.0
Sevilla la Nueva,9551
Canillas de Abajo,64.0
Arapiles,744.0
Benavides,2321.0
Tamarón,52.0
María de Huerva,6335
Berdejo,40.0
Los Altos,177.0
Anoeta,2112.0
Nuévalos,318.0
Valderrobres,2555.0
Carrascal del Obispo,185.0
Castillejo de Martín Viejo,193.0
Torremenga,620.0
Segurilla,1412.0
Saldaña de Burgos,203.0
Tobar,27.0
Montearagón,598.0
San Mamés de Burgos,323.0
Marjaliza,258.0
Cañete,877.0
Pueyo de Santa Cruz,332.0
Boadilla del Monte,66349
Santa María del Campo,508.0
San Vicente del Valle,26.0
Santa María del Mercadillo,119.0
Santa Cruz de la Salceda,148.0
Arcicóllar,1089.0
Astudillo,1041.0
Valverde,5165
Santa Olalla de Bureba,38.0
Lucillos,666.0
Barcience,1110.0
Tejada,35.0
Tordómar,290.0
Torrelara,34.0
San Millán de Lara,61.0
Torre del Compte,120.0
Villaminaya,518.0
Navares de las Cuevas,22.0
Arcentales,754.0
Illana,938.0
Pastriz,1316.0
Pina de Ebro,2478.0
Forúa,928.0
Peñaranda de Bracamonte,6079
Collado de Contreras,147.0
Olías del Rey,9174.0
Erro,812.0
Oliete,351.0
Espejo,3175.0
Valdearenas,88.0
Ochagavía,492.0
Ibargoiti,279.0
Tariego de Cerrato,504.0
Llanera de Ranes,1062.0
Náquera,8102
Llerena,5650
Garciotum,220.0
Sarracín,261.0
Marrupe,166.0
San Adrián de Juarros,84.0
Santa María del Invierno,70.0
Monasterio,13.0
Recas,5037.0
Colmenar de Oreja,8649
Benegida,659.0
Campillos-Paravientos,112.0
Quesada,5015
San Pelayo,42.0
Pina de Montalgrao,121.0
Dos Aguas,340.0
Almenara de Tormes,302.0
Villar de Gallimazo,192.0
Cenicientos,2152.0
San Juan,2336.0
Melgar de Yuso,269.0
San Bartolomé de Tirajana,54291
Valle de Carranza,2715.0
Palenzuela,212.0
Alcázar de San Juan,31914
Torres Torres,808.0
Valbuena de Pisuerga,49.0
Anna,2600.0
Caleruela,203.0
Tinieblas de la Sierra,20.0
Layos,931.0
Lupiñén-Ortilla,359.0
Pollos,565.0
Navares de Ayuso,58.0
Villaverde de Guareña,128.0
Cacabelos,4734.0
Béjar,12021
Villanueva de la Serena,25773
Tabuenca,305.0
Puebla de Guzmán,3071.0
Salinillas de Bureba,55.0
Villazopeque,51.0
Sacedón,1623.0
Vilviestre del Pinar,511.0
Chóvar,316.0
Medina del Campo,20215
Martos,24462
Bermeo,16878
Campo de Criptana,12960
Rentería,39363
Osera de Ebro,442.0
Llodio,17917
San Miguel de Abona,23960
Favara,2776.0
Huete,1814.0
Bailén,17211
Izurza,224.0
Minglanilla,2388.0
Arona,87793
Arrieta,582.0
Olocau del Rey,135.0
Irurzun,2296.0
Puebla de Sancho Pérez,2634.0
Maruri-Jatabe,1129.0
Villarta de San Juan,2681.0
Villanázar,256.0
Cabra del Santo Cristo,1639.0
Torrescárcela,162.0
Oteiza,972.0
Los Silos,4773.0
Zarza de Montánchez,504.0
Burlada,21280
Topas,518.0
Artenara,1024.0
Cantillana,10782
Bermellar,129.0
Albarracín,998.0
Guadalupe,1722.0
Orozco,2666.0
Bicorp,546.0
Villaseca de Henares,22.0
Paterna del Madera,328.0
Vidayanes,74.0
Altarejos,193.0
Espinosa de Henares,715.0
Otero,436.0
La Pesga,950.0
Valdeverdeja,598.0
Cabezarrubias del Puerto,483.0
Laujar de Andarax,1674.0
Huécija,526.0
Escalona del Prado,475.0
Artieda,90.0
Vilches,4191.0
Ítrabo,1022.0
Garay,332.0
Morella,2501.0
Santa Cecilia del Alcor,91.0
Muñoveros,138.0
Sotobañado y Priorato,154.0
Escobar de Polendos,172.0
Cantagallo,281.0
El Pozuelo,47.0
Robledollano,325.0
Chalamera,120.0
Monesterio,4245.0
Artá,8208
Arucas,39232
Navas de San Antonio,368.0
Ortigosa de Pestaño,51.0
Casas Bajas,158.0
Tales,827.0
Real de Gandía,2722.0
Arén,309.0
Cabezuela del Valle,2049.0
Lanzuela,24.0
Vistabella de Huerva,51.0
Olmedilla de Eliz,20.0
Valtablado del Río,7.0
Lastras de Cuéllar,295.0
Fuente el Olmo de Fuentidueña,396.0
Castrillo de Onielo,91.0
Pinarnegrillo,98.0
Marugán,775.0
Martín Miguel,276.0
Labajos,105.0
Martín Muñoz de las Posadas,251.0
Moral de Hornuez,38.0
Hontalbilla,277.0
Fuentesaúco de Fuentidueña,216.0
Martín Muñoz de la Dehesa,309.0
Durango,30192
Periana,3367.0
Languilla,79.0
Muñopedro,298.0
Culla,503.0
Sanet y Negrals,712.0
Sarriés,57.0
Villanueva del Río Segura,4111.0
Villavieja del Lozoya,332.0
Mata de Cuéllar,261.0
Fuentepiñel,63.0
Villarmayor,139.0
Chamartín,61.0
Vall de Laguart,905.0
Maderuelo,100.0
Ortigosa del Monte,608.0
Laguna de Contreras,111.0
Gomezserracín,614.0
Los Huertos,173.0
Pinarejos,205.0
La Puebla de los Infantes,2949.0
Urdúliz,5469
Senija,698.0
Castrillo de Duero,108.0
Tírig,417.0
Collado Hermoso,116.0
Monterrubio,51.0
Puebla de la Sierra,98.0
Pinilla del Valle,200.0
Matet,94.0
Planes,697.0
Useras,954.0
Puentes Viejas,759.0
Robledillo de la Jara,118.0
Valdepiélagos,612.0
Godella,13414
Peñarandilla,171.0
Pepino,3421.0
Gargantilla del Lozoya y Pinilla de Buitrago,396.0
Mejorada del Campo,25049
Los Alcázares,18598
Puebla de Vallbona,27471
Villalán de Campos,36.0
Orés,72.0
Valle de Valdelaguna,187.0
Torás,271.0
Los Montesinos,5477
Valero,269.0
Chert,702.0
Vall de Ebo,231.0
Higueras,54.0
Mula,17382
El Álamo,10322
Adalia,50.0
Murla,574.0
San Juan del Monte,163.0
Haza,33.0
Beleña,258.0
Masalfasar,2716.0
Catadau,3005.0
Benaguacil,11877
Robledo de Chavela,4818.0
Soto de la Vega,1481.0
Ochandiano,1322.0
Picaña,11760
Rafelbuñol,9467
Faramontanos de Tábara,318.0
San Antonio Abad,29132
Santo Tomé,2029.0
Castellar,3147.0
Buciegas,36.0
Ulzama,1599.0
Elanchove,320.0
Pedrosillo de Alba,123.0
Aria,51.0
Argavieso,109.0
Castrojimeno,27.0
Sieteiglesias de Tormes,193.0
Collado Villalba,67274
Villoruela,729.0
Horcajo de la Sierra-Aoslos,219.0
Hondón de los Frailes,1334.0
Villabasta de Valdavia,33.0
Fresno el Viejo,825.0
Ahín,133.0
Polentinos,41.0
Isla Cristina,21525
Huesa del Común,55.0
Vinalesa,3572.0
Lorquí,7706
Pelayos,72.0
Pelarrodríguez,161.0
Calanda,3745.0
Arguisuelas,127.0
Buenaventura,386.0
Ayamonte,22001
Punta Umbría,16069
Almonte,24864
Fernán Caballero,965.0
Ráfol de Almunia,734.0
Fresnedillas de la Oliva,1883.0
Canales,42.0
Cueva del Hierro,27.0
Santa Lucía de Tirajana,78584
Galdames,829.0
Ujados,20.0
San Juan de Alicante,26834
Teguise,24027
Salem,407.0
Játiva,31008.0
Chipiona,19649
San Fernando,93338
Valdehorna,29.0
Chiclana de Segura,859.0
Manzanal de los Infantes,133.0
Venta del Moro,1143.0
Tolox,2468.0
Felanich,18592
Valdáliga,2135.0
Benaocaz,742.0
La Codosera,1983.0
Campos,11763
Peque,111.0
Villarreal de Huerva,270.0
Labuerda,179.0
Los Arcos,1177.0
Valdarachas,67.0
San Pedro del Pinatar,29674
Puebla de Benifasar,229.0
Jijona,7032
La Carlota,14258
Valbuena de Duero,385.0
Bonansa,85.0
Mansilla de las Mulas,1706.0
Torrejón del Rey,6210
Santo Tomé de Zabarcos,70.0
Albalat de la Ribera,3523.0
Abadiano,7708
Fermoselle,1131.0
Alconchel de Ariza,79.0
Fuente la Reina,55.0
Torreorgaz,1641.0
Segorbe,9425
Utrera,52403
Bérriz,4533.0
Junta de Traslaloma,118.0
Malaguilla,218.0
Tragacete,263.0
Villanúa,569.0
Arbácegui y Guerricaiz,467.0
Valle de Sedano,402.0
Oropesa,2587.0
Almagro,8958
Atapuerca,178.0
Fuenmayor,3281.0
Villanueva de los Caballeros,147.0
Górliz,6058
Riocavado de la Sierra,54.0
Camas,29089
Piedrahíta,1637.0
Mingorría,422.0
San Carlos de la Rápita,15046
Villanueva de Argaño,117.0
Sacecorbo,90.0
Basauri,40274
Elduayen,248.0
Villatorres,4259.0
Navárniz,264.0
Escañuela,902.0
Castronuño,737.0
Villaverde de Íscar,579.0
Camarena,4848.0
Montroy,3792.0
Campos del Río,2159.0
Guía de Isora,22654
Belver de los Montes,252.0
Estivella,1710.0
Beniel,11501
Arañuel,148.0
Serranillos,247.0
Ricla,3019.0
Villanueva de los Infantes,4733.0
Valderas,1479.0
Faura,3753.0
Las Torres de Cotillas,22676
Peñacaballera,149.0
Cavia,246.0
Villodrigo,96.0
Puente del Congosto,236.0
Corrales del Vino,930.0
Marines,1967.0
Naval,281.0
Turís,7259
Montaberner,1624.0
Sobrado,275.0
La Mata,910.0
Sepulcro-Hilario,153.0
Lagunilla,414.0
Segart,180.0
Caudete de las Fuentes,725.0
Mogente,4401.0
Jeresa,2418.0
Puebla de Farnals,8699
Puebla del Duc,2451.0
Genovés,2822.0
Fuenterrobles,678.0
Fuente la Higuera,2022.0
Rocafort,7570
Cuartell,1810.0
Tous,1354.0
Tuéjar,1278.0
Sempere,33.0
Gajates,135.0
Rojas,62.0
Paracuellos,105.0
Peromingo,121.0
Azara,167.0
Toga,106.0
Paredes de Sigüenza,21.0
Palma de Gandía,1897.0
Cuart de les Valls,1029.0
Villalonga,4865.0
Mariana,332.0
La Atalaya,102.0
Ollería,8421
Jalance,808.0
Salinas,1828.0
Chillarón de Cuenca,907.0
Palo,31.0
Manzanillo,48.0
Sagra,441.0
Barracas,188.0
Ròtova,1283.0
Chella,2452.0
Meliana,10918
67,142.0
Valdefuentes de Sangusín,182.0
Penáguila,305.0
Alerre,224.0
Teresa,254.0
Loarre,358.0
Masalavés,1905.0
Castrobol,43.0
Gema,201.0
Arconada,45.0
Cortes de Pallás,727.0
Estubeny,110.0
La Eliana,19054
Fontanares,936.0
Campo Real,6781
Velilla de San Antonio,13376
Villanueva de Perales,1715.0
Patones,617.0
Carpio,923.0
Pliego,4003.0
Risco,126.0
Ojós,548.0
Domeño,723.0
Chulilla,710.0
Blanca,6756
Novelé,872.0
Loriguilla,2188.0
Castrejón de Trabancos,171.0
Higueruelas,567.0
Barañáin,19575
Pardos,33.0
Villoria,1239.0
Gradefes,882.0
Rozas de Puerto Real,579.0
Quicena,391.0
Fuentes de Béjar,239.0
Santa Inés,153.0
Fuente el Saz de Jarama,7182
El Tanque,2787.0
Aliaga,344.0
Valdeolmos-Alalpardo,4626.0
Guijo de Ávila,81.0
Contreras,81.0
Peralejos de Arriba,38.0
Uña,90.0
Sediles,109.0
Horcajuelo de la Sierra,104.0
Arano,108.0
Torrubia del Castillo,42.0
Torrubia del Campo,312.0
Buenavista,368.0
Isar,279.0
Campillo de Arenas,1711.0
Forcall,475.0
Férez,604.0
Dolores,7919
Talaveruela de la Vera,303.0
Torrejoncillo del Rey,341.0
Saldaña,2844.0
Zarza la Mayor,1096.0
Valverde de Alcalá,565.0
Luchente,2314.0
Boada de Campos,17.0
Barbués,97.0
Vall de Almonacid,284.0
Poyatos,70.0
Torres del Río,116.0
Las Salinas,5044
San Pascual,44.0
Tartanedo,143.0
Hormigos,1035.0
Navascués,114.0
Yurre,4344.0
El Puig de Santa Maria,9490.0
Titaguas,517.0
Pinet,156.0
Castellón,6972.0
Piles,3151.0
Larrabezúa,2039.0
Castiello de Jaca,280.0
Usagre,1698.0
Lacunza,1338.0
Legarda,143.0
Onzonilla,1974.0
Castilblanco,820.0
Irañeta,172.0
Valdemaqueda,870.0
Manquillos,62.0
Mesegar de Corneja,62.0
Migueláñez,136.0
Villagonzalo,1226.0
Teresa de Cofrentes,620.0
Petrés,1124.0
Prádena del Rincón,146.0
Sellent,383.0
Ráfol de Salem,463.0
Llaurí,1226.0
Otos,442.0
Terrateig,290.0
Paracuellos de Jarama,27650
Torreadrada,53.0
Moguer,24083
Torrella,151.0
La Yesa,246.0
Cotes,314.0
Lopera,3502.0
El Sauzal,9145
Lugar Nuevo de la Corona,132.0
San Jorge,1554.0
Corbera,3266.0
Emperador,700.0
Zamayón,192.0
Vecinos,231.0
Igriés,727.0
Fuentes,462.0
Cortes de Aragón,62.0
Tierz,821.0
Banastás,335.0
Villafuerte,80.0
Casasola de Arión,205.0
Cerdá,370.0
Villaprovedo,46.0
Huerta,282.0
Larva,435.0
San Salvador,20.0
Frailes,1565.0
Benicull,1179.0
San Fulgencio,9443
San Miguel de Bernuy,119.0
San Cristóbal de Segovia,3161.0
Castrillo-Tejeriego,157.0
La Losa,543.0
Matabuena,204.0
Corcos del Valle,203.0
Guadasequies,478.0
Palomar,593.0
Navafría,282.0
Codorniz,294.0
Fortaleny,1024.0
Manuel,2560.0
Montichelvo,556.0
Énova,952.0
Guardamar de la Safor,622.0
Lugar Nuevo de San Jerónimo,594.0
Zarra,374.0
Rebollo,70.0
Losa del Obispo,531.0
Lugar Nuevo de Fellonet,944.0
San Isidro,2337.0
La Peña,69.0
Aoiz,3083.0
Jaurrieta,179.0
Pastores,52.0
Moriscos,577.0
Granja de la Costera,306.0
Cañamares,457.0
Lomas de Campos,40.0
San Juan de Énova,527.0
Tías,21613
Armuña,253.0
Yaiza,17415
Oronz,51.0
Perales,112.0
La Serna,90.0
Muriel de Zapardiel,106.0
La Matilla,72.0
Lagartos,117.0
Fórnoles,71.0
Izalzu,36.0
Lónguida,308.0
Trujillanos,1397.0
Camporredondo,143.0
Carrascosa,69.0
Villamayor de Gállego,2841.0
Palmera,1038.0
Vegaviana,837.0
Gallués,91.0
Güesa,36.0
Alagón del Río,919.0
Salorino,522.0
Gallegos,96.0
Domingo Pérez de Granada,822.0
Montecorto,585.0
Toral de los Vados,1751.0
Romanos,140.0
Used,250.0
Guadiana,2444.0
Dehesas Viejas,635.0
Fornes,526.0
Játar,631.0
La Guijarrosa,1358.0
La Portera,134.0
La Zarza-Perrunal,1181.0
Torrenueva Costa,3207.0
Usánsolo,4565.0
Almaraz de la Mota,0.0
Pueblonuevo de Miramontes,762.0
San Martín del Tesorillo,2735.0
Serrato,457.0
Tiétar,835.0
Barcelona,1731649
Vigo,294489
Hospitalet de Llobregat,289510
Gijón,269894
A Coruña,251543
Elche,245557
Terrassa,233270
Badalona,231542
Oviedo,228119
Sabadell,225368
Lleida,146266
Tarragona,143649
Mataró,131683
Santa Coloma de Gramanet,123981
Reus,111601
Girona,108666
Ourense,105769
Santiago de Compostela,100965
Lugo,100143
San Cugat del Vallés,97983
Cornellá de Llobregat,92237
San Baudilio de Llobregat,85610
Ceuta,83595
Pontevedra,83316
Rubí,82823
Manresa,80974
Avilés,75517
Villanueva y Geltrú,71641
Castelldefels,70057
Viladecans,67587
El Prat de Llobregat,66338
Granollers,65341
Ferrol,64367
Sardañola del Vallés,58528
Siero,53049
Mollet del Vallés,52990
Torrelavega,51796
Vic,50796
Figueres,49689
Gavà,48243
Alzira,48236
Esplugues de Llobregat,48221
Dénia,47261
San Feliu de Llobregat,46781
Lloret de Mar,43000
Blanes,42699
Vilafranca del Penedès,42607
Igualada,42085
Burjassot,41299
Vendrell,41133
Narón,39953
Ripollet,39897
Olot,39519
Sant Adrià del Besòs,39323
Oleiros,38793
Langreo,38612
Villagarcía de Arosa,37888
Moncada i Reixac,37460
Cambrils,37042
Mieres,36373
Tortosa,35997
Sant Joan Despí,35926
Salt,34491
Arteijo,34403
Petrel,34022
Barberá del Vallés,33987
Castro-Urdiales,33450
Ames,33276
San Pedro de Ribas,32705
Calafell,32624
Manises,32609
Sitges,32609
Ciutadella,32431
Carballo,32120
Salou,31491
Campello,31419
Culleredo,31254
Xàtiva,31008
Crevillent,30921
Maó,30666
Camargo,30577
Pineda de Mar,30108
Premiá de Mar,29431
Martorell,29175
Redondela,28874
San Vicente dels Horts,28746
Molins de Rey,27300
Ribeira,27102
San Andrés de la Barca,27094
Piélagos,26901
Cangas de Morrazo,26832
Santa Perpetua de Moguda,26130
Valls,25518
Castellar del Vallés,25422
Calahorra,25367
Olesa de Montserrat,24966
Cambre,24765
El Masnou,24761
Palafrugell,24543
Marín,23991
Vilaseca,23917
Puenteareas,23211
San Felíu de Guixols,23141
Amposta,23080
Esparraguera,22665
Castrillón,21998
Carcaixent,21934
Alcúdia,21907
Puçol,21659
Manlleu,21425
Vilassar de Mar,21227
Sant Just Desvern,21037
Porriño,20965
Las Franquesas del Vallés,20881
Banyoles,20865
Benicàssim,20539
Roses,20365
Lalín,20292
Sant Quirze del Vallès,20209
La Estrada,20112
Calella,19862
Moaña,19315
Malgrat de Mar,19213
Teo,19034
Cardedeu,19023
Boiro,18984
Parets,18893
San Celoni,18479
Tordera,18409
Palamós,18293
Tárrega,18268
Monforte de Lemos,18234
El Astillero,18220
Caldas de Montbuy,18109
Nigrán,18045
Sangenjo,17854
Torredembarra,17670
Balaguer,17649
Poyo,17297
Piera,17203
La Garriga,17052
Canovellas,17051
Berga,16959
Cubellas,16914
Montornés del Vallés,16800
Arenys de Mar,16342
Llissá de Munt,16092
Vallirana,15823
Corvera de Asturias,15612
Corbera de Llobregat,15466
Santa Cruz de la Palma,15441
San Martín del Rey Aurelio,15431
Fraga,15373
Cunit,15278
Vivero,15221
Arnedo,15201
Palau-solità i Plegamans,15130
Mos,15076
Gondomar,15043
Mollerusa,15037
Canet de Mar,15010
Villaviciosa,15000
Torelló,14902
Cuarte de Huerva,14701
Noya,14115
Carballino,13968
Llanera,13948
Villalba,13870
Tomiño,13836
Santa Cruz de Bezana,13689
Cambados,13681
Santa Coloma de Farnés,13634
Jaca,13620
Verín,13612
Montroig,13592
Llanes,13524
El Barco de Valdeorras,13277
Sarria,13221
La Llagosta,13169
Betanzos,13082
Badía del Vallés,13074
San Sadurní de Noya,12945
Abrera,12848
Argentona,12846
Castellbisbal,12813
Vilanova del Camí,12758
Órdenes,12669
Seo de Urgel,12568
Castillo de Aro,12566
Fene,12561
Montgat,12462
Bayona,12407
Torroella de Montgrí,12356
Laviana,12355
La Alcudia,12197
Calonge,12043
Bueu,11922
San Andrés de Llavaneras,11831
Deltebre,11818
Haro,11763
Pallejá,11736
Castellón de Ampurias,11731
Cangas del Narcea,11596
Laracha,11543
La Bisbal del Ampurdán,11383
Lardero,11321
Barbadanes,11140
San Juan de Torruella,10959
Valdés,10958
La Roca del Vallés,10913
Santoña,10892
Rianjo,10854
Laredo,10849
Cassá de la Selva,10836
El Grove,10828
Ripoll,10731
Premiá de Dalt,10532
Llinars del Vallés,10499
La Escala,10478
Gozón,10470
Santa Margarita de Montbuy,10456
Lena,10312
Salvatierra de Miño,10274
Villanueva de Arosa,10225
Carreño,10177
Foz,10163
Alella,10139
Aller,10076
San Vicente de Castellet,10068
Bigas,9949
Matadepera,9899
Santa María de Palautordera,9872
Puentes de García Rodríguez,9867
Masquefa,9839
Ribadeo,9828
Alcanar,9827
Alfaro,9823
Palafolls,9819
Alcarrás,9787
Puigcerdá,9764
Caldas de Reyes,9620
Grado,9616
Ginzo de Limia,9529
Senmanat,9474
Cervelló,9469
Burela,9454
Cervera,9453
Salceda de Caselas,9421
Arenys de Munt,9413
Santa María de Cayón,9316
La Ametlla,9296
Vilasar de Dalt,9230
Puebla del Caramiñal,9227
Llagostera,9208
Tiana,9198
San Fausto de Campcentellas,9197
Cisterniga,9182
Solsona,9171
San Fructuoso de Bages,9156
Puerto del Son,9125
Suances,9091
El Puig,8992
Villamediana de Iregua,8954
Silleda,8876
Tineo,8857
Montmeló,8825
Olias del Rey,8705
Reinosa,8570
Colindres,8549
Polinyá,8482
Tona,8455
Noáin (Valle de Elorz),8429
Reocín,8422
Caldas de Malavella,8418
Santa Coloma de Cervelló,8393
Padrón,8355
Vidreras,8339
Roquetas,8302
Muros,8251
Cabezón de la Sal,8181
Brión,8145
Navia,8136
Nájera,8059
Chantada,8006
Gélida,7953
La Almunia de Doña Godina,7914
San Esteban de Sasroviras,7906
Santa Eulalia de Ronsana,7846
Pravia,7830
Roda de Bará,7829
Massanet de la Selva,7823
Viladecavalls,7809
Cabrils,7799
Centellas,7726
Medio Cudeyo,7696
Sampedor,7693
Cee,7660
Santa Margarita y Monjos,7650
Oroso,7622
Sotomayor,7603
Guisona,7603
Mellid,7553
Puentedeume,7520
Vacarisas,7460
Montblanch,7456
Begas,7432
La Ametlla de Mar,7325
Alagón,7257
Bañeres,7255
Vandellós y Hospitalet del Infante,6984
Bergondo,6951
Negreira,6901
Villanueva de Castellón,6891
Valdoviño,6889
Almacellas,6847
Vimianzo,6840
San Juan de Labritja,6838
Sallent de Llobregat,6835
Piloña,6822
Riudoms,6810
Taradell,6809
Constantí,6788
Miño,6753
Llissá de Vall,6714
San Vicente de Montalt,6701
Carral,6700
Teyá,6696
Moyá,6690
Roda de Ter,6680
Pereiro de Aguiar,6647
Sils,6624
San Antonio Vilamajor,6577
Arbucias,6531
Cedeira,6529
San Felíu de Codinas,6527
El Rosal,6431
Ulldecona,6417
La Muela,6416
La Puebla de Alfindén,6414
Alpicat,6394
Allariz,6378
Cangas de Onís,6362
Santo Domingo de la Calzada,6283
Torrellas de Llobregat,6225
Borjas Blancas,6215
Tosa de Mar,6206
Polanco,6175
Navás,6150
Ares,6132
Navarclés,6109
Outes,6082
Suria,6046
Artés,5994
Tremp,5961
Vilaboa,5950
La Canonja,5922
San Hilario Sacalm,5913
Dosrius,5910
Arzúa,5901
Anglés,5884
Cartes,5800
San Pol de Mar,5791
Coristanco,5779
Viella y Medio Arán,5765
La Selva del Campo,5736
Arbós,5713
Celanova,5709
Valga,5704
Altafulla,5693
Cerdedo-Cotobad,5687
San Ciprián de Viñas,5675
Santa Cristina de Aro,5664
Mora de Ebro,5649
Vilafan,5642
Cenia,5623
Vilanova del Vallés,5600
Abegondo,5584
Entrambasaguas,5568
Puentecaldelas,5553
Ribadesella,5548
Agramunt,5516
Celrá,5486
Ortigueira,5477
Capellades,5417
Puenteceso,5399
Otero de Rey,5359
Sarriá de Ter,5327
Alcover,5278
Meaño,5258
Malpica de Bergantiños,5241
Mugardos,5228
Canyellas,5218
Parres,5208
Oza-Cesuras,5203
Miengo,5199
Guitiriz,5194
Ribadumia,5189
Nava,5186
La Granja de San Ildefonso,5183
Bescanó,5178
El Burgo de Osma,5166
Camariñas,5151
Bellpuig,5150
Marina de Cudeyo,5148
Catllar,5115
La Cañiza,5090
Villa de Cruces,5082
Noreña,5058
Cerceda,5058
Vedra,5019
Castro de Rey,5015
Palma,416065
Palma de Mallorca,416065
Lérida,146266
